tournament_id,team_id,player_id,birth_date,tournament_year,age
WC-1930,T-84,P-63826,1901-11-22,1930,29.0
WC-1930,T-84,P-57352,1902-04-30,1930,28.0
WC-1930,T-84,P-63987,1905-01-18,1930,25.0
WC-1930,T-84,P-47453,1906-06-26,1930,24.0
WC-1930,T-84,P-76186,1904-01-05,1930,26.0
WC-1930,T-84,P-54697,1904-11-29,1930,26.0
WC-1930,T-84,P-18628,1900-09-01,1930,30.0
WC-1930,T-84,P-38674,1908-06-22,1930,22.0
WC-1930,T-84,P-53856,1900-05-20,1930,30.0
WC-1930,T-84,P-39785,1907-05-17,1930,23.0
WC-1930,T-84,P-31959,1902-11-02,1930,28.0
WC-1930,T-84,P-49150,1907-11-21,1930,23.0
WC-1930,T-84,P-55304,1905-03-22,1930,25.0
WC-1930,T-84,P-76270,1901-05-24,1930,29.0
WC-1930,T-84,P-93278,1905-05-11,1930,25.0
WC-1930,T-84,P-41238,1905-06-17,1930,25.0
WC-1930,T-84,P-63026,1904-11-03,1930,26.0
WC-1930,T-84,P-98216,1905-11-05,1930,25.0
WC-1930,T-84,P-93344,1905-03-18,1930,25.0
WC-1930,T-84,P-44201,1898-11-26,1930,32.0
WC-1930,T-84,P-86932,1899-07-27,1930,31.0
WC-1930,T-84,P-17569,1900-03-30,1930,30.0
WC-1930,T-03,P-69244,1905-05-05,1930,25.0
WC-1930,T-03,P-23160,1908-10-23,1930,22.0
WC-1930,T-03,P-99230,1907-02-23,1930,23.0
WC-1930,T-03,P-41921,1907-02-23,1930,23.0
WC-1930,T-03,P-22739,1906-03-23,1930,24.0
WC-1930,T-03,P-30720,1909-03-19,1930,21.0
WC-1930,T-03,P-30543,1902-06-20,1930,28.0
WC-1930,T-03,P-23897,1908-12-10,1930,22.0
WC-1930,T-03,P-60505,1905-10-22,1930,25.0
WC-1930,T-03,P-25760,1901-05-15,1930,29.0
WC-1930,T-03,P-49556,1899-03-12,1930,31.0
WC-1930,T-03,P-91238,1905-01-01,1930,25.0
WC-1930,T-03,P-58537,1903-05-24,1930,27.0
WC-1930,T-03,P-24312,1900-12-28,1930,30.0
WC-1930,T-03,P-70166,1908-09-13,1930,22.0
WC-1930,T-03,P-49151,1905-10-03,1930,25.0
WC-1930,T-03,P-44916,1908-05-12,1930,22.0
WC-1930,T-03,P-21441,1902-02-05,1930,28.0
WC-1930,T-03,P-56486,1905-01-17,1930,25.0
WC-1930,T-03,P-56908,1908-06-05,1930,22.0
WC-1930,T-03,P-37326,1910-02-05,1930,20.0
WC-1930,T-03,P-76546,1902-01-05,1930,28.0
WC-1930,T-83,P-58795,1900-01-26,1930,30.0
WC-1930,T-83,P-94425,1904-09-12,1930,26.0
WC-1930,T-83,P-06424,1908-12-31,1930,22.0
WC-1930,T-83,P-12437,1898-01-12,1930,32.0
WC-1930,T-83,P-37361,1897-09-06,1930,33.0
WC-1930,T-83,P-99522,1901-06-07,1930,29.0
WC-1930,T-83,P-00733,1904-07-21,1930,26.0
WC-1930,T-83,P-85569,1908-08-10,1930,22.0
WC-1930,T-83,P-65185,1899-04-30,1930,31.0
WC-1930,T-83,P-25155,1901-05-04,1930,29.0
WC-1930,T-83,P-46121,1907-05-22,1930,23.0
WC-1930,T-83,P-71973,1909-11-04,1930,21.0
WC-1930,T-83,P-47437,1907-01-20,1930,23.0
WC-1930,T-83,P-04110,1904-02-06,1930,26.0
WC-1930,T-83,P-49855,1902-02-18,1930,28.0
WC-1930,T-83,P-56459,1907-06-12,1930,23.0
WC-1930,T-87,P-72808,1906-06-06,1930,24.0
WC-1930,T-87,P-43734,1909-10-29,1930,21.0
WC-1930,T-87,P-13261,1911-02-27,1930,19.0
WC-1930,T-87,P-15059,1908-06-05,1930,22.0
WC-1930,T-87,P-44887,1906-03-03,1930,24.0
WC-1930,T-87,P-24808,1909-09-21,1930,21.0
WC-1930,T-87,P-75929,1907-09-09,1930,23.0
WC-1930,T-87,P-10671,1900-01-01,1930,30.0
WC-1930,T-87,P-19712,1906-12-13,1930,24.0
WC-1930,T-87,P-91900,1908-04-15,1930,22.0
WC-1930,T-87,P-94965,1906-10-29,1930,24.0
WC-1930,T-87,P-74878,1909-01-21,1930,21.0
WC-1930,T-87,P-62267,1910-01-04,1930,20.0
WC-1930,T-87,P-55273,1911-12-28,1930,19.0
WC-1930,T-87,P-43349,1911-07-15,1930,19.0
WC-1930,T-87,P-59061,1909-11-08,1930,21.0
WC-1930,T-87,P-33565,1909-12-06,1930,21.0
WC-1934,T-41,P-22402,1903-11-18,1934,31.0
WC-1934,T-41,P-80654,1909-12-02,1934,25.0
WC-1934,T-41,P-60679,1904-09-13,1934,30.0
WC-1934,T-41,P-40103,1914-04-05,1934,20.0
WC-1934,T-41,P-84232,1901-07-26,1934,33.0
WC-1934,T-41,P-56674,1904-10-07,1934,30.0
WC-1934,T-41,P-77995,1905-09-18,1934,29.0
WC-1934,T-41,P-57546,1902-11-20,1934,32.0
WC-1934,T-41,P-39512,1907-12-06,1934,27.0
WC-1934,T-41,P-76282,1904-03-26,1934,30.0
WC-1934,T-41,P-03545,1910-07-11,1934,24.0
WC-1934,T-41,P-16965,1905-12-26,1934,29.0
WC-1934,T-41,P-93906,1907-11-22,1934,27.0
WC-1934,T-41,P-34536,1910-08-23,1934,24.0
WC-1934,T-41,P-58691,1906-06-05,1934,28.0
WC-1934,T-41,P-03638,1901-12-02,1934,33.0
WC-1934,T-41,P-10605,1909-12-07,1934,25.0
WC-1934,T-41,P-30373,1902-02-25,1934,32.0
WC-1934,T-41,P-56703,1905-10-15,1934,29.0
WC-1934,T-41,P-95210,1905-12-26,1934,29.0
WC-1934,T-21,P-94788,1912-11-13,1934,22.0
WC-1934,T-21,P-76056,1906-03-07,1934,28.0
WC-1934,T-21,P-28531,1908-12-17,1934,26.0
WC-1934,T-21,P-68716,1906-09-30,1934,28.0
WC-1934,T-21,P-70254,1910-05-30,1934,24.0
WC-1934,T-21,P-19582,1907-01-17,1934,27.0
WC-1934,T-21,P-88929,1913-05-30,1934,21.0
WC-1934,T-21,P-64425,1912-10-14,1934,22.0
WC-1934,T-21,P-53978,1909-08-31,1934,25.0
WC-1934,T-21,P-30773,1906-03-05,1934,28.0
WC-1934,T-21,P-60513,1909-12-26,1934,25.0
WC-1934,T-21,P-70970,1914-12-02,1934,20.0
WC-1934,T-21,P-52528,1904-06-02,1934,30.0
WC-1934,T-21,P-51219,1907-05-16,1934,27.0
WC-1934,T-21,P-23820,1902-01-23,1934,32.0
WC-1934,T-21,P-94005,1909-08-05,1934,25.0
WC-1934,T-21,P-58983,1911-06-06,1934,23.0
WC-1934,T-21,P-57162,1908-06-04,1934,26.0
WC-1934,T-21,P-21644,1912-01-27,1934,22.0
WC-1934,T-21,P-13470,1905-07-05,1934,29.0
WC-1934,T-21,P-64843,1907-03-01,1934,27.0
WC-1934,T-21,P-42431,1904-03-07,1934,30.0
WC-1934,T-31,P-82536,1907-11-12,1934,27.0
WC-1934,T-31,P-54695,1910-03-23,1934,24.0
WC-1934,T-31,P-81440,1909-11-26,1934,25.0
WC-1934,T-31,P-27770,1907-01-04,1934,27.0
WC-1934,T-31,P-77348,1914-11-10,1934,20.0
WC-1934,T-31,P-74210,1900-01-01,1934,34.0
WC-1934,T-31,P-27139,1908-06-06,1934,26.0
WC-1934,T-31,P-69645,1908-12-09,1934,26.0
WC-1934,T-31,P-99592,1912-02-07,1934,22.0
WC-1934,T-31,P-56231,1908-06-18,1934,26.0
WC-1934,T-31,P-90001,1908-06-16,1934,26.0
WC-1934,T-31,P-24404,1912-03-10,1934,22.0
WC-1934,T-31,P-04241,1910-11-15,1934,24.0
WC-1934,T-31,P-74349,1906-11-13,1934,28.0
WC-1934,T-31,P-38753,1912-11-07,1934,22.0
WC-1934,T-31,P-60828,1909-01-25,1934,25.0
WC-1934,T-31,P-30818,1913-03-20,1934,21.0
WC-1934,T-31,P-72423,1913-03-01,1934,21.0
WC-1934,T-31,P-53238,1912-08-03,1934,22.0
WC-1934,T-31,P-92333,1912-04-16,1934,22.0
WC-1934,T-31,P-86518,1907-09-02,1934,27.0
WC-1934,T-31,P-85695,1911-11-20,1934,23.0
WC-1934,T-05,P-51668,1913-09-25,1934,21.0
WC-1934,T-05,P-37758,1907-02-22,1934,27.0
WC-1934,T-05,P-72888,1908-11-28,1934,26.0
WC-1934,T-05,P-28322,1905-03-06,1934,29.0
WC-1934,T-05,P-32150,1910-05-21,1934,24.0
WC-1934,T-05,P-94617,1905-10-31,1934,29.0
WC-1934,T-05,P-51711,1903-05-20,1934,31.0
WC-1934,T-05,P-92579,1904-05-01,1934,30.0
WC-1934,T-05,P-48419,1911-02-09,1934,23.0
WC-1934,T-05,P-14775,1910-05-29,1934,24.0
WC-1934,T-05,P-17740,1911-02-07,1934,23.0
WC-1934,T-05,P-87474,1907-06-22,1934,27.0
WC-1934,T-05,P-14790,1911-06-16,1934,23.0
WC-1934,T-05,P-05609,1906-03-18,1934,28.0
WC-1934,T-05,P-11865,1903-02-10,1934,31.0
WC-1934,T-05,P-71630,1905-11-28,1934,29.0
WC-1934,T-05,P-30750,1913-03-05,1934,21.0
WC-1934,T-05,P-97102,1910-10-10,1934,24.0
WC-1934,T-05,P-65339,1902-11-12,1934,32.0
WC-1934,T-05,P-39159,1911-09-23,1934,23.0
WC-1934,T-05,P-19490,1906-03-23,1934,28.0
WC-1934,T-05,P-05719,1910-08-28,1934,24.0
WC-1938,T-41,P-79580,1912-09-06,1938,26.0
WC-1938,T-41,P-62660,1915-09-23,1938,23.0
WC-1938,T-41,P-85283,1915-04-04,1938,23.0
WC-1938,T-41,P-94715,1910-05-14,1938,28.0
WC-1938,T-41,P-09916,1916-04-19,1938,22.0
WC-1938,T-41,P-76066,1914-03-04,1938,24.0
WC-1938,T-41,P-07254,1910-09-29,1938,28.0
WC-1938,T-41,P-58640,1912-02-15,1938,26.0
WC-1938,T-41,P-97762,1911-11-20,1938,27.0
WC-1938,T-41,P-07131,1912-03-01,1938,26.0
WC-1938,T-41,P-79327,1916-02-05,1938,22.0
WC-1938,T-41,P-95291,1910-10-02,1938,28.0
WC-1938,T-41,P-98926,1914-07-12,1938,24.0
WC-1938,T-41,P-30716,1910-07-21,1938,28.0
WC-1938,T-41,P-74793,1911-06-07,1938,27.0
WC-1938,T-41,P-65885,1913-09-29,1938,25.0
WC-1938,T-41,P-27048,1916-01-21,1938,22.0
WC-1938,T-41,P-82806,1906-12-11,1938,32.0
WC-1938,T-36,P-58088,1912-09-21,1938,26.0
WC-1938,T-36,P-01726,1914-07-20,1938,24.0
WC-1938,T-36,P-04962,1910-04-04,1938,28.0
WC-1938,T-36,P-53740,1906-07-17,1938,32.0
WC-1938,T-36,P-25927,1907-05-15,1938,31.0
WC-1938,T-36,P-36957,1912-03-10,1938,26.0
WC-1938,T-36,P-52028,1919-05-15,1938,19.0
WC-1938,T-36,P-37357,1915-03-15,1938,23.0
WC-1938,T-36,P-24305,1908-01-08,1938,30.0
WC-1938,T-36,P-33184,1905-03-01,1938,33.0
WC-1938,T-36,P-67652,1915-12-27,1938,23.0
WC-1938,T-09,P-00279,1914-03-08,1938,24.0
WC-1938,T-09,P-41619,1915-06-03,1938,23.0
WC-1938,T-09,P-14044,1910-05-20,1938,28.0
WC-1938,T-09,P-24911,1911-04-21,1938,27.0
WC-1938,T-09,P-14381,1914-05-06,1938,24.0
WC-1938,T-09,P-56060,1912-11-19,1938,26.0
WC-1938,T-09,P-77661,1912-07-02,1938,26.0
WC-1938,T-09,P-92554,1909-12-07,1938,29.0
WC-1938,T-09,P-14047,1910-11-01,1938,28.0
WC-1938,T-09,P-16663,1909-01-01,1938,29.0
WC-1938,T-09,P-35561,1911-04-21,1938,27.0
WC-1938,T-09,P-68604,1912-12-08,1938,26.0
WC-1938,T-09,P-88147,1912-02-12,1938,26.0
WC-1938,T-09,P-70927,1917-11-02,1938,21.0
WC-1938,T-09,P-81322,1912-06-20,1938,26.0
WC-1938,T-09,P-44339,1911-03-26,1938,27.0
WC-1938,T-09,P-05159,1915-02-20,1938,23.0
WC-1938,T-09,P-76392,1912-07-17,1938,26.0
WC-1938,T-09,P-42205,1913-08-12,1938,25.0
WC-1938,T-74,P-04266,1909-10-29,1938,29.0
WC-1938,T-74,P-17215,1908-01-28,1938,30.0
WC-1938,T-74,P-99591,1917-04-22,1938,21.0
WC-1938,T-74,P-38092,1913-03-07,1938,25.0
WC-1938,T-74,P-85944,1915-08-21,1938,23.0
WC-1938,T-74,P-71253,1909-12-25,1938,29.0
WC-1938,T-74,P-84346,1914-11-05,1938,24.0
WC-1938,T-74,P-69313,1911-05-09,1938,27.0
WC-1938,T-74,P-90805,1914-04-17,1938,24.0
WC-1938,T-74,P-92191,1907-09-07,1938,31.0
WC-1938,T-74,P-56514,1916-02-22,1938,22.0
WC-1938,T-74,P-85347,1916-08-06,1938,22.0
WC-1938,T-74,P-80526,,1938,
WC-1938,T-74,P-97601,1913-06-20,1938,25.0
WC-1938,T-74,P-13257,1909-11-19,1938,29.0
WC-1938,T-74,P-37708,1913-03-23,1938,25.0
WC-1938,T-74,P-00740,1915-03-24,1938,23.0
WC-1938,T-74,P-33341,,1938,
WC-1938,T-74,P-58852,1911-10-15,1938,27.0
WC-1950,T-84,P-36262,1926-05-18,1950,24.0
WC-1950,T-84,P-14115,1923-02-04,1950,27.0
WC-1950,T-84,P-85637,1920-04-14,1950,30.0
WC-1950,T-84,P-16302,1926-12-22,1950,24.0
WC-1950,T-84,P-85328,1924-08-22,1950,26.0
WC-1950,T-84,P-54509,1925-08-06,1950,25.0
WC-1950,T-84,P-12327,1928-01-13,1950,22.0
WC-1950,T-84,P-38439,1917-10-12,1950,33.0
WC-1950,T-84,P-18523,1927-12-05,1950,23.0
WC-1950,T-84,P-08534,1930-08-06,1950,20.0
WC-1950,T-84,P-00618,1928-05-13,1950,22.0
WC-1950,T-84,P-64761,1917-05-21,1950,33.0
WC-1950,T-84,P-84660,1926-06-19,1950,24.0
WC-1950,T-84,P-76749,1926-11-12,1950,24.0
WC-1950,T-84,P-54124,1927-09-28,1950,23.0
WC-1950,T-84,P-40941,1927-05-02,1950,23.0
WC-1950,T-84,P-72726,1927-09-07,1950,23.0
WC-1950,T-84,P-38873,1925-07-28,1950,25.0
WC-1950,T-84,P-44446,1922-01-06,1950,28.0
WC-1950,T-84,P-65940,1917-09-20,1950,33.0
WC-1950,T-84,P-36239,1921-11-15,1950,29.0
WC-1950,T-84,P-67013,1926-02-14,1950,24.0
WC-1950,T-09,P-56943,1923-04-02,1950,27.0
WC-1950,T-09,P-49381,1922-11-08,1950,28.0
WC-1950,T-09,P-83086,1920-01-01,1950,30.0
WC-1950,T-09,P-68961,1920-10-22,1950,30.0
WC-1950,T-09,P-17754,1926-01-14,1950,24.0
WC-1950,T-09,P-54481,1921-03-27,1950,29.0
WC-1950,T-09,P-80201,1925-11-21,1950,25.0
WC-1950,T-09,P-22051,1922-04-04,1950,28.0
WC-1950,T-09,P-86570,1927-11-27,1950,23.0
WC-1950,T-09,P-22428,1922-01-07,1950,28.0
WC-1950,T-09,P-28983,1920-12-03,1950,30.0
WC-1950,T-09,P-69827,1921-05-14,1950,29.0
WC-1950,T-09,P-21738,1924-10-20,1950,26.0
WC-1950,T-09,P-44754,1921-03-21,1950,29.0
WC-1950,T-09,P-06730,1923-11-27,1950,27.0
WC-1950,T-09,P-99436,1926-01-28,1950,24.0
WC-1950,T-09,P-59996,1921-03-27,1950,29.0
WC-1950,T-09,P-48847,1918-09-25,1950,32.0
WC-1950,T-09,P-03310,1925-06-27,1950,25.0
WC-1950,T-09,P-17764,1922-08-02,1950,28.0
WC-1950,T-09,P-75955,1925-05-16,1950,25.0
WC-1950,T-09,P-73743,1922-09-14,1950,28.0
WC-1950,T-74,P-38468,1920-08-22,1950,30.0
WC-1950,T-74,P-91027,1921-02-22,1950,29.0
WC-1950,T-74,P-39881,1921-10-06,1950,29.0
WC-1950,T-74,P-03089,1925-05-10,1950,25.0
WC-1950,T-74,P-87826,1924-02-29,1950,26.0
WC-1950,T-74,P-84831,1921-10-08,1950,29.0
WC-1950,T-74,P-50231,1917-04-14,1950,33.0
WC-1950,T-74,P-29497,1925-11-11,1950,25.0
WC-1950,T-74,P-59295,1923-12-09,1950,27.0
WC-1950,T-74,P-81653,1922-05-28,1950,28.0
WC-1950,T-74,P-39211,1920-01-13,1950,30.0
WC-1950,T-74,P-52190,1929-04-17,1950,21.0
WC-1950,T-74,P-79649,1921-04-24,1950,29.0
WC-1950,T-74,P-87452,1922-05-07,1950,28.0
WC-1950,T-74,P-21477,1924-07-07,1950,26.0
WC-1950,T-74,P-33095,1929-12-24,1950,21.0
WC-1950,T-74,P-87073,1922-07-19,1950,28.0
WC-1950,T-74,P-15746,1925-11-11,1950,25.0
WC-1950,T-74,P-35817,1927-04-15,1950,23.0
WC-1950,T-74,P-26019,1927-12-06,1950,23.0
WC-1950,T-74,P-42194,1922-05-20,1950,28.0
WC-1950,T-73,P-79480,1923-01-11,1950,27.0
WC-1950,T-73,P-80682,1923-11-09,1950,27.0
WC-1950,T-73,P-49542,1922-11-01,1950,28.0
WC-1950,T-73,P-67172,1919-01-28,1950,31.0
WC-1950,T-73,P-26928,1926-11-18,1950,24.0
WC-1950,T-73,P-20802,1920-06-29,1950,30.0
WC-1950,T-73,P-57117,1920-11-07,1950,30.0
WC-1950,T-73,P-92865,1922-05-28,1950,28.0
WC-1950,T-73,P-48908,1920-01-16,1950,30.0
WC-1950,T-73,P-69140,1922-03-22,1950,28.0
WC-1950,T-73,P-72035,1921-03-01,1950,29.0
WC-1950,T-73,P-24336,1920-09-05,1950,30.0
WC-1950,T-73,P-28347,1922-02-02,1950,28.0
WC-1950,T-73,P-57993,1926-11-09,1950,24.0
WC-1950,T-73,P-46247,1925-05-12,1950,25.0
WC-1950,T-73,P-07639,1921-02-01,1950,29.0
WC-1950,T-73,P-23492,1922-01-12,1950,28.0
WC-1950,T-73,P-33693,1925-08-28,1950,25.0
WC-1950,T-73,P-82311,1925-06-04,1950,25.0
WC-1950,T-73,P-72288,1924-06-04,1950,26.0
WC-1950,T-73,P-25911,1926-03-19,1950,24.0
WC-1950,T-73,P-65220,1921-01-20,1950,29.0
WC-1954,T-86,P-37943,1919-01-18,1954,35.0
WC-1954,T-86,P-39583,1925-11-01,1954,29.0
WC-1954,T-86,P-51214,1924-04-19,1954,30.0
WC-1954,T-86,P-61853,1927-07-28,1954,27.0
WC-1954,T-86,P-34121,1930-07-06,1954,24.0
WC-1954,T-86,P-61483,1932-02-08,1954,22.0
WC-1954,T-86,P-68778,1927-06-20,1954,27.0
WC-1954,T-86,P-53545,1928-07-27,1954,26.0
WC-1954,T-86,P-09250,1920-06-09,1954,34.0
WC-1954,T-86,P-85009,1927-01-18,1954,27.0
WC-1954,T-86,P-39750,1923-01-09,1954,31.0
WC-1954,T-86,P-08136,1929-08-16,1954,25.0
WC-1954,T-86,P-05766,1925-05-11,1954,29.0
WC-1954,T-86,P-33698,1926-10-26,1954,28.0
WC-1954,T-86,P-71954,1924-03-06,1954,30.0
WC-1954,T-86,P-09973,1920-10-31,1954,34.0
WC-1954,T-86,P-58241,1923-01-28,1954,31.0
WC-1954,T-86,P-10374,1933-08-06,1954,21.0
WC-1954,T-86,P-57739,1926-07-16,1954,28.0
WC-1954,T-86,P-63184,1927-10-19,1954,27.0
WC-1954,T-86,P-80280,1930-07-20,1954,24.0
WC-1954,T-86,P-15476,1926-07-16,1954,28.0
WC-1954,T-36,P-81262,1926-02-04,1954,28.0
WC-1954,T-36,P-37134,1925-05-04,1954,29.0
WC-1954,T-36,P-40638,1923-02-06,1954,31.0
WC-1954,T-36,P-29493,1928-09-29,1954,26.0
WC-1954,T-36,P-70989,1925-11-28,1954,29.0
WC-1954,T-36,P-70943,1924-03-25,1954,30.0
WC-1954,T-36,P-23830,1929-05-16,1954,25.0
WC-1954,T-36,P-07028,1929-09-21,1954,25.0
WC-1954,T-36,P-01173,1922-03-03,1954,32.0
WC-1954,T-36,P-12676,1927-04-02,1954,27.0
WC-1954,T-36,P-93334,1929-08-08,1954,25.0
WC-1954,T-36,P-48019,1929-09-30,1954,25.0
WC-1954,T-36,P-15295,1931-11-06,1954,23.0
WC-1954,T-36,P-28478,1921-11-26,1954,33.0
WC-1954,T-36,P-44025,1931-04-07,1954,23.0
WC-1954,T-36,P-29822,1928-07-19,1954,26.0
WC-1954,T-36,P-97086,1932-06-30,1954,22.0
WC-1954,T-36,P-46961,1932-10-06,1954,22.0
WC-1954,T-36,P-42138,1929-06-27,1954,25.0
WC-1954,T-36,P-24411,1926-09-24,1954,28.0
WC-1954,T-36,P-09102,1925-07-12,1954,29.0
WC-1954,T-36,P-32482,1931-06-05,1954,23.0
WC-1954,T-05,P-69826,1926-06-14,1954,28.0
WC-1954,T-05,P-98569,1929-02-16,1954,25.0
WC-1954,T-05,P-34192,1925-11-29,1954,29.0
WC-1954,T-05,P-75651,1925-08-12,1954,29.0
WC-1954,T-05,P-53882,1926-03-07,1954,28.0
WC-1954,T-05,P-32967,1929-02-09,1954,25.0
WC-1954,T-05,P-57242,1924-08-21,1954,30.0
WC-1954,T-05,P-28341,1929-09-19,1954,25.0
WC-1954,T-05,P-35865,1927-08-06,1954,27.0
WC-1954,T-05,P-85257,1927-12-05,1954,27.0
WC-1954,T-05,P-26700,1926-02-14,1954,28.0
WC-1954,T-05,P-49790,1927-03-27,1954,27.0
WC-1954,T-05,P-66263,1932-06-17,1954,22.0
WC-1954,T-05,P-09648,1928-10-29,1954,26.0
WC-1954,T-05,P-16610,1925-11-06,1954,29.0
WC-1954,T-05,P-93772,1927-05-01,1954,27.0
WC-1954,T-05,P-89866,1929-07-29,1954,25.0
WC-1954,T-05,P-38526,1929-07-17,1954,25.0
WC-1954,T-05,P-80274,1928-03-01,1954,26.0
WC-1954,T-05,P-11040,1931-04-10,1954,23.0
WC-1954,T-05,P-51339,1925-01-14,1954,29.0
WC-1954,T-05,P-38037,1928-11-22,1954,26.0
WC-1954,T-84,P-70798,1929-07-31,1954,25.0
WC-1954,T-84,P-57200,1933-07-19,1954,21.0
WC-1954,T-84,P-78277,1930-09-07,1954,24.0
WC-1954,T-84,P-10601,1926-10-08,1954,28.0
WC-1954,T-84,P-90496,1932-01-14,1954,22.0
WC-1954,T-84,P-83575,1926-04-22,1954,28.0
WC-1954,T-84,P-95472,1933-02-13,1954,21.0
WC-1954,T-84,P-74898,1926-04-01,1954,28.0
WC-1954,T-84,P-80644,1929-02-03,1954,25.0
WC-1954,T-84,P-92883,1925-04-28,1954,29.0
WC-1954,T-84,P-93118,1930-10-24,1954,24.0
WC-1954,T-84,P-66683,1932-05-09,1954,22.0
WC-1954,T-84,P-96652,1934-08-07,1954,20.0
WC-1954,T-84,P-13223,1921-07-31,1954,33.0
WC-1958,T-09,P-70724,1930-06-07,1958,28.0
WC-1958,T-09,P-07056,1930-08-22,1958,28.0
WC-1958,T-09,P-07441,1932-05-23,1958,26.0
WC-1958,T-09,P-38164,1931-08-09,1958,27.0
WC-1958,T-09,P-82336,1932-06-13,1958,26.0
WC-1958,T-09,P-39031,1932-06-19,1958,26.0
WC-1958,T-09,P-38906,1940-10-23,1958,18.0
WC-1958,T-09,P-46080,1933-10-28,1958,25.0
WC-1958,T-09,P-07545,1936-05-18,1958,22.0
WC-1958,T-09,P-20979,1931-02-14,1958,27.0
WC-1958,T-09,P-00577,1935-09-20,1958,23.0
WC-1958,T-09,P-40185,1931-11-11,1958,27.0
WC-1958,T-09,P-60629,1938-07-24,1958,20.0
WC-1958,T-09,P-82525,1932-08-18,1958,26.0
WC-1958,T-09,P-45310,1934-11-12,1958,24.0
WC-1958,T-09,P-27005,1934-03-26,1958,24.0
WC-1958,T-09,P-54379,1935-02-25,1958,23.0
WC-1958,T-74,P-25529,1930-11-16,1958,28.0
WC-1958,T-74,P-08805,1926-10-15,1958,32.0
WC-1958,T-74,P-10338,1922-10-08,1958,36.0
WC-1958,T-74,P-80056,1928-03-19,1958,30.0
WC-1958,T-74,P-42409,1930-03-26,1958,28.0
WC-1958,T-74,P-20173,1934-11-19,1958,24.0
WC-1958,T-74,P-69813,1920-10-31,1958,38.0
WC-1958,T-74,P-82312,1935-10-19,1958,23.0
WC-1958,T-74,P-44518,1931-03-29,1958,27.0
WC-1958,T-74,P-63780,1930-11-16,1958,28.0
WC-1958,T-74,P-65514,1928-01-15,1958,30.0
WC-1958,T-74,P-91855,1929-02-04,1958,29.0
WC-1958,T-74,P-37296,1928-02-03,1958,30.0
WC-1958,T-74,P-21974,1927-02-22,1958,31.0
WC-1958,T-74,P-81709,1923-08-29,1958,35.0
WC-1958,T-74,P-81023,1931-03-13,1958,27.0
WC-1958,T-74,P-12844,1933-01-26,1958,25.0
WC-1958,T-74,P-92811,1938-08-19,1958,20.0
WC-1958,T-30,P-56360,1928-09-04,1958,30.0
WC-1958,T-30,P-23507,1930-12-06,1958,28.0
WC-1958,T-30,P-94935,1930-03-25,1958,28.0
WC-1958,T-30,P-92981,1934-02-24,1958,24.0
WC-1958,T-30,P-81510,1929-01-09,1958,29.0
WC-1958,T-30,P-63080,1927-09-13,1958,31.0
WC-1958,T-30,P-48323,1929-06-09,1958,29.0
WC-1958,T-30,P-02130,1932-12-11,1958,26.0
WC-1958,T-30,P-08451,1935-05-16,1958,23.0
WC-1958,T-30,P-77939,1933-08-18,1958,25.0
WC-1958,T-30,P-86268,1930-07-12,1958,28.0
WC-1958,T-30,P-38969,1931-12-26,1958,27.0
WC-1958,T-30,P-75977,1937-02-01,1958,21.0
WC-1958,T-86,P-66256,1928-09-09,1958,30.0
WC-1958,T-86,P-34271,1926-09-07,1958,32.0
WC-1958,T-86,P-05971,1927-07-27,1958,31.0
WC-1958,T-86,P-55225,1934-08-29,1958,24.0
WC-1958,T-86,P-02292,1930-12-19,1958,28.0
WC-1958,T-86,P-96191,1935-09-05,1958,23.0
WC-1958,T-86,P-64138,1936-11-05,1958,22.0
WC-1958,T-86,P-93539,1937-05-03,1958,21.0
WC-1958,T-86,P-11664,1925-04-21,1958,33.0
WC-1958,T-86,P-06103,1935-09-03,1958,23.0
WC-1958,T-86,P-93072,1939-03-31,1958,19.0
WC-1958,T-86,P-30065,1935-02-11,1958,23.0
WC-1958,T-86,P-48102,1929-01-08,1958,29.0
WC-1958,T-86,P-45615,1935-10-10,1958,23.0
WC-1958,T-86,P-24558,1932-11-22,1958,26.0
WC-1962,T-09,P-87810,1943-06-11,1962,19.0
WC-1962,T-09,P-17125,1936-07-17,1962,26.0
WC-1962,T-09,P-76352,1940-11-12,1962,22.0
WC-1962,T-09,P-58585,1938-01-21,1962,24.0
WC-1962,T-09,P-89643,1934-11-18,1962,28.0
WC-1962,T-09,P-21480,1939-12-17,1962,23.0
WC-1962,T-09,P-13437,1940-07-09,1962,22.0
WC-1962,T-09,P-96621,1939-06-29,1962,23.0
WC-1962,T-21,P-10947,1936-09-10,1962,26.0
WC-1962,T-21,P-53400,1940-04-11,1962,22.0
WC-1962,T-21,P-34289,1942-02-26,1962,20.0
WC-1962,T-21,P-26685,1941-01-09,1962,21.0
WC-1962,T-21,P-46630,1933-12-06,1962,29.0
WC-1962,T-21,P-63937,1940-01-28,1962,22.0
WC-1962,T-21,P-88346,1941-03-21,1962,21.0
WC-1962,T-21,P-62981,1935-08-09,1962,27.0
WC-1962,T-21,P-57430,1936-06-26,1962,26.0
WC-1962,T-21,P-90033,1933-09-29,1962,29.0
WC-1962,T-21,P-25708,1936-05-19,1962,26.0
WC-1962,T-21,P-69107,1938-09-01,1962,24.0
WC-1962,T-21,P-22136,1939-03-30,1962,23.0
WC-1962,T-13,P-00747,1926-12-20,1962,36.0
WC-1962,T-13,P-15923,1939-06-22,1962,23.0
WC-1962,T-13,P-53489,1933-10-26,1962,29.0
WC-1962,T-13,P-51334,1936-11-20,1962,26.0
WC-1962,T-13,P-79148,1938-10-07,1962,24.0
WC-1962,T-13,P-65214,1934-11-08,1962,28.0
WC-1962,T-13,P-98252,1931-08-14,1962,31.0
WC-1962,T-13,P-01618,1939-01-10,1962,23.0
WC-1962,T-13,P-87363,1942-06-01,1962,20.0
WC-1962,T-13,P-69887,1940-11-22,1962,22.0
WC-1962,T-13,P-22224,1936-04-25,1962,26.0
WC-1962,T-13,P-80104,1936-11-26,1962,26.0
WC-1962,T-13,P-43288,1933-05-11,1962,29.0
WC-1962,T-13,P-36467,1940-04-14,1962,22.0
WC-1962,T-13,P-77566,1938-01-18,1962,24.0
WC-1962,T-13,P-23529,1939-12-08,1962,23.0
WC-1962,T-13,P-58900,1936-01-28,1962,26.0
WC-1962,T-13,P-97048,1935-12-31,1962,27.0
WC-1962,T-13,P-52647,1930-03-08,1962,32.0
WC-1962,T-13,P-42198,1937-02-14,1962,25.0
WC-1962,T-13,P-04782,1938-06-07,1962,24.0
WC-1962,T-13,P-24782,1937-05-15,1962,25.0
WC-1962,T-87,P-50189,1937-12-31,1962,25.0
WC-1962,T-87,P-38654,1937-11-06,1962,25.0
WC-1962,T-87,P-32623,1939-12-08,1962,23.0
WC-1962,T-87,P-67185,1937-02-02,1962,25.0
WC-1962,T-87,P-15585,1937-01-01,1962,25.0
WC-1962,T-87,P-64450,1937-07-16,1962,25.0
WC-1962,T-87,P-05537,1938-03-08,1962,24.0
WC-1962,T-87,P-47998,1941-03-12,1962,21.0
WC-1962,T-87,P-39332,1935-04-16,1962,27.0
WC-1962,T-87,P-47431,1935-08-09,1962,27.0
WC-1962,T-87,P-03917,1933-04-25,1962,29.0
WC-1962,T-87,P-55272,1940-01-05,1962,22.0
WC-1962,T-87,P-66765,1940-01-07,1962,22.0
WC-1962,T-87,P-78976,1939-06-11,1962,23.0
WC-1962,T-87,P-04783,1938-10-16,1962,24.0
WC-1962,T-87,P-09067,1937-12-18,1962,25.0
WC-1962,T-87,P-33786,1931-06-28,1962,31.0
WC-1966,T-28,P-74455,1937-12-30,1966,29.0
WC-1966,T-28,P-56457,1939-10-22,1966,27.0
WC-1966,T-28,P-34887,1942-05-18,1966,24.0
WC-1966,T-28,P-43761,1935-05-08,1966,31.0
WC-1966,T-28,P-22841,1945-05-12,1966,21.0
WC-1966,T-28,P-34802,1941-12-08,1966,25.0
WC-1966,T-28,P-25979,1941-09-27,1966,25.0
WC-1966,T-28,P-64663,1938-08-29,1966,28.0
WC-1966,T-28,P-34233,1943-11-08,1966,23.0
WC-1966,T-28,P-70457,1943-10-29,1966,23.0
WC-1966,T-28,P-01287,1939-03-23,1966,27.0
WC-1966,T-28,P-49523,1942-04-10,1966,24.0
WC-1966,T-86,P-28162,1943-09-10,1966,23.0
WC-1966,T-86,P-72864,1945-09-11,1966,21.0
WC-1966,T-86,P-11099,1944-06-26,1966,22.0
WC-1966,T-86,P-86276,1942-08-07,1966,24.0
WC-1966,T-86,P-32446,1941-11-29,1966,25.0
WC-1966,T-86,P-60896,1943-09-29,1966,23.0
WC-1966,T-86,P-05324,1937-09-28,1966,29.0
WC-1966,T-86,P-19519,1939-01-21,1966,27.0
WC-1966,T-86,P-83141,1943-03-14,1966,23.0
WC-1966,T-86,P-86015,1939-08-19,1966,27.0
WC-1966,T-86,P-55399,1940-01-25,1966,26.0
WC-1966,T-86,P-50033,1942-02-27,1966,24.0
WC-1966,T-86,P-71648,1940-01-23,1966,26.0
WC-1966,T-86,P-48733,1944-07-07,1966,22.0
WC-1966,T-86,P-85955,1939-11-04,1966,27.0
WC-1966,T-86,P-14080,1944-02-28,1966,22.0
WC-1966,T-58,P-44487,1933-03-06,1966,33.0
WC-1966,T-58,P-67001,1937-04-18,1966,29.0
WC-1966,T-58,P-91257,1931-09-15,1966,35.0
WC-1966,T-58,P-53884,1935-09-24,1966,31.0
WC-1966,T-58,P-44233,1933-01-18,1966,33.0
WC-1966,T-58,P-70918,1942-01-08,1966,24.0
WC-1966,T-58,P-13304,1937-07-06,1966,29.0
WC-1966,T-58,P-74248,1942-04-08,1966,24.0
WC-1966,T-58,P-39642,1939-03-19,1966,27.0
WC-1966,T-58,P-03493,1935-08-06,1966,31.0
WC-1966,T-58,P-60225,1943-12-14,1966,23.0
WC-1966,T-58,P-67663,1937-04-13,1966,29.0
WC-1966,T-58,P-74747,1942-01-25,1966,24.0
WC-1966,T-58,P-64664,1940-08-12,1966,26.0
WC-1966,T-58,P-79162,1943-05-20,1966,23.0
WC-1966,T-58,P-44642,1942-01-10,1966,24.0
WC-1966,T-58,P-36538,1935-03-06,1966,31.0
WC-1966,T-58,P-68398,1938-09-08,1966,28.0
WC-1966,T-58,P-24730,1942-02-09,1966,24.0
WC-1966,T-58,P-58433,1941-02-17,1966,25.0
WC-1966,T-58,P-09642,1941-09-22,1966,25.0
WC-1966,T-58,P-60146,1939-07-21,1966,27.0
WC-1966,T-72,P-36991,1940-02-18,1966,26.0
WC-1966,T-72,P-76618,1939-12-22,1966,27.0
WC-1966,T-72,P-90524,1943-01-05,1966,23.0
WC-1966,T-72,P-60231,1940-05-04,1966,26.0
WC-1966,T-72,P-40669,1941-05-13,1966,25.0
WC-1966,T-72,P-99442,1939-02-06,1966,27.0
WC-1966,T-72,P-24268,1944-09-15,1966,22.0
WC-1966,T-72,P-53800,1944-10-04,1966,22.0
WC-1966,T-72,P-44798,1946-02-23,1966,20.0
WC-1966,T-72,P-83456,1942-06-02,1966,24.0
WC-1966,T-72,P-87023,1942-06-20,1966,24.0
WC-1966,T-72,P-79597,1940-07-19,1966,26.0
WC-1966,T-72,P-91040,1938-04-28,1966,28.0
WC-1970,T-09,P-39749,1937-12-24,1970,33.0
WC-1970,T-09,P-02965,1943-02-25,1970,27.0
WC-1970,T-09,P-25829,1944-07-17,1970,26.0
WC-1970,T-09,P-14923,1949-09-26,1970,21.0
WC-1970,T-09,P-15663,1951-02-06,1970,19.0
WC-1970,T-09,P-85778,1946-01-01,1970,24.0
WC-1970,T-09,P-47010,1946-07-04,1970,24.0
WC-1970,T-09,P-97113,1944-07-31,1970,26.0
WC-1970,T-09,P-87388,1946-03-14,1970,24.0
WC-1970,T-09,P-17395,1940-12-31,1970,30.0
WC-1970,T-09,P-27277,1944-09-11,1970,26.0
WC-1970,T-09,P-34222,1946-09-18,1970,24.0
WC-1970,T-09,P-65181,1949-06-16,1970,21.0
WC-1970,T-09,P-03810,1946-03-04,1970,24.0
WC-1970,T-09,P-72683,1949-05-18,1970,21.0
WC-1970,T-09,P-06015,1949-07-11,1970,21.0
WC-1970,T-41,P-56668,1943-07-13,1970,27.0
WC-1970,T-41,P-53189,1941-02-25,1970,29.0
WC-1970,T-41,P-28851,1945-07-18,1970,25.0
WC-1970,T-41,P-77413,1946-12-15,1970,24.0
WC-1970,T-41,P-03206,1938-03-08,1970,32.0
WC-1970,T-41,P-72033,1944-01-07,1970,26.0
WC-1970,T-41,P-00119,1944-11-07,1970,26.0
WC-1970,T-41,P-48831,1942-02-28,1970,28.0
WC-1970,T-41,P-67671,1941-08-25,1970,29.0
WC-1970,T-41,P-77530,1943-03-13,1970,27.0
WC-1970,T-41,P-68967,1939-07-16,1970,31.0
WC-1970,T-41,P-86117,1946-02-24,1970,24.0
WC-1970,T-41,P-92154,1943-11-13,1970,27.0
WC-1970,T-41,P-05329,1946-07-05,1970,24.0
WC-1970,T-41,P-63857,1946-12-13,1970,24.0
WC-1970,T-86,P-69695,1946-12-30,1970,24.0
WC-1970,T-86,P-63982,1944-11-19,1970,26.0
WC-1970,T-86,P-72441,1945-11-03,1970,25.0
WC-1970,T-86,P-62529,1943-10-10,1970,27.0
WC-1970,T-86,P-12863,1942-07-05,1970,28.0
WC-1970,T-86,P-09958,1944-03-06,1970,26.0
WC-1970,T-86,P-89031,1940-03-08,1970,30.0
WC-1970,T-86,P-57908,1942-06-08,1970,28.0
WC-1970,T-84,P-47978,1948-07-19,1970,22.0
WC-1970,T-84,P-83747,1940-05-11,1970,30.0
WC-1970,T-84,P-83931,1944-04-25,1970,26.0
WC-1970,T-84,P-50162,1943-12-22,1970,27.0
WC-1970,T-84,P-40429,1947-08-04,1970,23.0
WC-1970,T-84,P-93811,1945-02-16,1970,25.0
WC-1970,T-84,P-51832,1944-10-29,1970,26.0
WC-1970,T-84,P-90366,1948-10-04,1970,22.0
WC-1970,T-84,P-58801,1944-01-01,1970,26.0
WC-1970,T-84,P-48169,1943-06-06,1970,27.0
WC-1970,T-84,P-51410,1944-01-23,1970,26.0
WC-1970,T-84,P-95376,1944-06-10,1970,26.0
WC-1970,T-84,P-02662,1946-02-08,1970,24.0
WC-1970,T-84,P-08424,1950-06-16,1970,20.0
WC-1970,T-84,P-81455,1949-05-02,1970,21.0
WC-1974,T-86,P-48686,1951-09-05,1974,23.0
WC-1974,T-86,P-66174,1948-04-03,1974,26.0
WC-1974,T-86,P-89257,1944-11-09,1974,30.0
WC-1974,T-86,P-44313,1949-11-01,1974,25.0
WC-1974,T-86,P-66405,1944-09-14,1974,30.0
WC-1974,T-86,P-79006,1945-05-09,1974,29.0
WC-1974,T-86,P-92173,1952-01-05,1974,22.0
WC-1974,T-86,P-15681,1948-01-28,1974,26.0
WC-1974,T-86,P-41102,1952-03-29,1974,22.0
WC-1974,T-86,P-35602,1946-03-09,1974,28.0
WC-1974,T-86,P-89218,1946-07-15,1974,28.0
WC-1974,T-86,P-25938,1949-12-19,1974,25.0
WC-1974,T-86,P-48661,1949-03-24,1974,25.0
WC-1974,T-86,P-07141,1948-05-08,1974,26.0
WC-1974,T-86,P-44327,1946-11-16,1974,28.0
WC-1974,T-48,P-76357,1948-07-28,1974,26.0
WC-1974,T-48,P-01582,1948-11-16,1974,26.0
WC-1974,T-48,P-65100,1944-02-20,1974,30.0
WC-1974,T-48,P-29733,1945-12-06,1974,29.0
WC-1974,T-48,P-74745,1942-03-19,1974,32.0
WC-1974,T-48,P-89311,1946-10-28,1974,28.0
WC-1974,T-48,P-43188,1947-08-11,1974,27.0
WC-1974,T-48,P-12372,1940-11-25,1974,34.0
WC-1974,T-48,P-84295,1943-06-14,1974,31.0
WC-1974,T-48,P-25337,1951-09-16,1974,23.0
WC-1974,T-48,P-48712,1951-09-16,1974,23.0
WC-1974,T-48,P-31830,1949-03-24,1974,25.0
WC-1974,T-48,P-16991,1951-09-15,1974,23.0
WC-1974,T-48,P-50564,1947-04-25,1974,27.0
WC-1974,T-48,P-63266,1947-07-03,1974,27.0
WC-1974,T-48,P-89554,1951-11-25,1974,23.0
WC-1974,T-48,P-48827,1952-01-18,1974,22.0
WC-1974,T-48,P-35622,1946-12-15,1974,28.0
WC-1974,T-48,P-00036,1944-05-27,1974,30.0
WC-1974,T-48,P-45370,1945-01-16,1974,29.0
WC-1974,T-48,P-89818,1946-05-28,1974,28.0
WC-1974,T-48,P-44945,1946-09-04,1974,28.0
WC-1974,T-57,P-96371,1952-01-15,1974,22.0
WC-1974,T-57,P-06667,1948-01-09,1974,26.0
WC-1974,T-57,P-62487,1949-05-02,1974,25.0
WC-1974,T-57,P-89521,1951-01-13,1974,23.0
WC-1974,T-57,P-17846,1949-04-17,1974,25.0
WC-1974,T-57,P-95634,1949-07-18,1974,25.0
WC-1974,T-57,P-57366,1949-12-14,1974,25.0
WC-1974,T-57,P-90440,1951-10-23,1974,23.0
WC-1974,T-57,P-48883,1954-06-06,1974,20.0
WC-1974,T-57,P-39234,1948-12-18,1974,26.0
WC-1974,T-57,P-07479,1948-08-25,1974,26.0
WC-1974,T-57,P-29548,1947-10-23,1974,27.0
WC-1974,T-57,P-97548,1946-07-10,1974,28.0
WC-1974,T-57,P-65840,1945-05-03,1974,29.0
WC-1974,T-57,P-45208,1946-02-26,1974,28.0
WC-1974,T-57,P-21597,1950-04-08,1974,24.0
WC-1974,T-57,P-92867,1950-10-03,1974,24.0
WC-1974,T-57,P-20188,1946-01-10,1974,28.0
WC-1974,T-57,P-58729,1946-10-28,1974,28.0
WC-1974,T-57,P-28931,1954-12-07,1974,20.0
WC-1974,T-57,P-26520,1951-09-19,1974,23.0
WC-1974,T-57,P-69383,1954-04-29,1974,20.0
WC-1974,T-09,P-87744,1949-06-21,1974,25.0
WC-1974,T-09,P-89772,1947-03-19,1974,27.0
WC-1974,T-09,P-81415,1952-02-08,1974,22.0
WC-1974,T-09,P-50358,1949-09-11,1974,25.0
WC-1974,T-09,P-73846,1945-05-17,1974,29.0
WC-1974,T-09,P-60490,1944-12-05,1974,30.0
WC-1974,T-09,P-89117,1946-02-17,1974,28.0
WC-1974,T-09,P-48382,1950-07-26,1974,24.0
WC-1974,T-09,P-06277,1946-10-18,1974,28.0
WC-1974,T-09,P-07188,1949-02-07,1974,25.0
WC-1974,T-09,P-41064,1942-04-03,1974,32.0
WC-1974,T-09,P-01779,1952-02-26,1974,22.0
WC-1974,T-09,P-89519,1952-06-15,1974,22.0
WC-1974,T-09,P-60866,1951-02-02,1974,23.0
WC-1978,T-03,P-44317,1953-01-04,1978,25.0
WC-1978,T-03,P-66254,1952-08-03,1978,26.0
WC-1978,T-03,P-45593,1950-11-16,1978,28.0
WC-1978,T-03,P-61157,1955-03-14,1978,23.0
WC-1978,T-03,P-99593,1955-04-25,1978,23.0
WC-1978,T-03,P-03905,1948-02-24,1978,30.0
WC-1978,T-03,P-21190,1952-04-07,1978,26.0
WC-1978,T-03,P-30336,1949-12-21,1978,29.0
WC-1978,T-03,P-23168,1947-11-18,1978,31.0
WC-1978,T-03,P-66065,1952-02-06,1978,26.0
WC-1978,T-03,P-26640,1949-05-03,1978,29.0
WC-1978,T-03,P-06976,1952-05-17,1978,26.0
WC-1978,T-03,P-34830,1953-04-08,1978,25.0
WC-1978,T-03,P-45194,1950-10-12,1978,28.0
WC-1978,T-03,P-01736,1949-01-31,1978,29.0
WC-1978,T-03,P-80376,1953-05-25,1978,25.0
WC-1978,T-03,P-54098,1955-12-03,1978,23.0
WC-1978,T-03,P-62351,1955-10-03,1978,23.0
WC-1978,T-03,P-12477,1952-08-18,1978,26.0
WC-1978,T-48,P-03270,1955-09-21,1978,23.0
WC-1978,T-48,P-60031,1952-11-30,1978,26.0
WC-1978,T-48,P-37179,1953-08-01,1978,25.0
WC-1978,T-48,P-46710,1957-10-25,1978,21.0
WC-1978,T-48,P-55099,1948-10-21,1978,30.0
WC-1978,T-48,P-23888,1950-10-05,1978,28.0
WC-1978,T-48,P-48111,1949-01-17,1978,29.0
WC-1978,T-48,P-60714,1943-10-28,1978,35.0
WC-1978,T-48,P-91947,1951-09-23,1978,27.0
WC-1978,T-48,P-82670,1956-02-03,1978,22.0
WC-1978,T-09,P-52658,1948-06-07,1978,30.0
WC-1978,T-09,P-69644,1954-06-20,1978,24.0
WC-1978,T-09,P-54171,1954-12-25,1978,24.0
WC-1978,T-09,P-22554,1955-04-21,1978,23.0
WC-1978,T-09,P-12950,1955-06-05,1978,23.0
WC-1978,T-09,P-04940,1957-03-08,1978,21.0
WC-1978,T-09,P-37483,1953-03-03,1978,25.0
WC-1978,T-09,P-84320,1957-01-11,1978,21.0
WC-1978,T-09,P-43781,1956-03-04,1978,22.0
WC-1978,T-09,P-99390,1952-09-01,1978,26.0
WC-1978,T-09,P-70909,1955-10-01,1978,23.0
WC-1978,T-09,P-67433,1949-12-06,1978,29.0
WC-1978,T-09,P-99975,1955-03-08,1978,23.0
WC-1978,T-09,P-34545,1950-12-24,1978,28.0
WC-1978,T-09,P-23407,1954-06-06,1978,24.0
WC-1978,T-09,P-86942,1954-04-13,1978,24.0
WC-1978,T-09,P-53581,1949-01-30,1978,29.0
WC-1978,T-41,P-03775,1957-10-08,1978,21.0
WC-1978,T-41,P-05902,1949-10-04,1978,29.0
WC-1978,T-41,P-21248,1953-09-27,1978,25.0
WC-1978,T-41,P-84137,1953-10-14,1978,25.0
WC-1978,T-41,P-78456,1956-11-27,1978,22.0
WC-1978,T-41,P-99788,1953-05-25,1978,25.0
WC-1978,T-41,P-88467,1954-04-01,1978,24.0
WC-1978,T-41,P-34868,1955-04-12,1978,23.0
WC-1978,T-41,P-37637,1950-04-01,1978,28.0
WC-1978,T-41,P-39505,1955-06-16,1978,23.0
WC-1978,T-41,P-93788,1954-09-24,1978,24.0
WC-1978,T-41,P-17293,1951-01-18,1978,27.0
WC-1978,T-41,P-80851,1947-09-08,1978,31.0
WC-1978,T-41,P-57787,1950-12-27,1978,28.0
WC-1978,T-41,P-16875,1952-12-16,1978,26.0
WC-1978,T-41,P-91717,1956-09-23,1978,22.0
WC-1978,T-41,P-76506,1951-04-13,1978,27.0
WC-1982,T-41,P-42920,1960-05-08,1982,22.0
WC-1982,T-41,P-29143,1963-12-22,1982,19.0
WC-1982,T-41,P-30672,1957-05-09,1982,25.0
WC-1982,T-41,P-73911,1959-04-06,1982,23.0
WC-1982,T-41,P-72980,1958-05-02,1982,24.0
WC-1982,T-41,P-06193,1951-02-25,1982,31.0
WC-1982,T-41,P-75736,1952-11-25,1982,30.0
WC-1982,T-41,P-66365,1955-03-13,1982,27.0
WC-1982,T-41,P-31072,1961-05-23,1982,21.0
WC-1982,T-41,P-46574,1955-11-28,1982,27.0
WC-1982,T-41,P-89106,1953-05-15,1982,29.0
WC-1982,T-41,P-56533,1958-04-29,1982,24.0
WC-1982,T-86,P-07171,1954-03-06,1982,28.0
WC-1982,T-86,P-79689,1955-10-11,1982,27.0
WC-1982,T-86,P-27251,1958-07-25,1982,24.0
WC-1982,T-86,P-31123,1956-05-03,1982,26.0
WC-1982,T-86,P-29426,1954-07-12,1982,28.0
WC-1982,T-86,P-89975,1960-04-16,1982,22.0
WC-1982,T-86,P-89949,1951-04-17,1982,31.0
WC-1982,T-86,P-36307,1957-05-17,1982,25.0
WC-1982,T-86,P-40743,1955-01-19,1982,27.0
WC-1982,T-86,P-79344,1953-07-26,1982,29.0
WC-1982,T-86,P-45695,1954-11-15,1982,28.0
WC-1982,T-86,P-17092,1959-11-17,1982,23.0
WC-1982,T-86,P-39771,1960-09-06,1982,22.0
WC-1982,T-86,P-49502,1961-03-21,1982,21.0
WC-1982,T-86,P-25464,1959-02-22,1982,23.0
WC-1982,T-86,P-85181,1948-02-12,1982,34.0
WC-1982,T-86,P-84364,1960-11-27,1982,22.0
WC-1982,T-57,P-50717,1953-09-20,1982,29.0
WC-1982,T-57,P-17208,1955-12-19,1982,27.0
WC-1982,T-57,P-88971,1958-05-07,1982,24.0
WC-1982,T-57,P-43189,1953-03-04,1982,29.0
WC-1982,T-57,P-51539,1961-10-16,1982,21.0
WC-1982,T-57,P-46254,1957-07-18,1982,25.0
WC-1982,T-57,P-02493,1961-09-27,1982,21.0
WC-1982,T-57,P-01165,1956-01-31,1982,26.0
WC-1982,T-57,P-57931,1957-07-16,1982,25.0
WC-1982,T-57,P-40684,1959-09-21,1982,23.0
WC-1982,T-57,P-98924,1960-07-22,1982,22.0
WC-1982,T-57,P-91411,1956-03-24,1982,26.0
WC-1982,T-57,P-71920,1959-08-17,1982,23.0
WC-1982,T-57,P-76784,1951-04-21,1982,31.0
WC-1982,T-30,P-69834,1962-02-01,1982,20.0
WC-1982,T-30,P-81366,1956-03-04,1982,26.0
WC-1982,T-30,P-05511,1958-01-18,1982,24.0
WC-1982,T-30,P-32542,1954-04-04,1982,28.0
WC-1982,T-30,P-79617,1952-08-02,1982,30.0
WC-1982,T-30,P-14107,1956-08-27,1982,26.0
WC-1982,T-30,P-76592,1955-06-23,1982,27.0
WC-1982,T-30,P-12716,1962-03-14,1982,20.0
WC-1982,T-30,P-13150,1958-10-24,1982,24.0
WC-1982,T-30,P-06095,1954-03-29,1982,28.0
WC-1982,T-30,P-17626,1957-03-20,1982,25.0
WC-1982,T-30,P-98948,1955-07-29,1982,27.0
WC-1986,T-03,P-83449,1958-11-18,1986,28.0
WC-1986,T-03,P-22408,1962-11-09,1986,24.0
WC-1986,T-03,P-60363,1954-01-25,1986,32.0
WC-1986,T-03,P-45025,1964-09-28,1986,22.0
WC-1986,T-03,P-62815,1956-11-10,1986,30.0
WC-1986,T-03,P-95267,1962-10-09,1986,24.0
WC-1986,T-03,P-61630,1962-09-29,1986,24.0
WC-1986,T-03,P-22755,1961-02-01,1986,25.0
WC-1986,T-03,P-70033,1962-04-26,1986,24.0
WC-1986,T-03,P-69165,1956-12-09,1986,30.0
WC-1986,T-03,P-49676,1956-12-11,1986,30.0
WC-1986,T-03,P-24755,1965-12-22,1986,21.0
WC-1986,T-03,P-12666,1960-05-17,1986,26.0
WC-1986,T-03,P-79080,1962-01-26,1986,24.0
WC-1986,T-03,P-98697,1962-08-20,1986,24.0
WC-1986,T-03,P-65092,1955-02-17,1986,31.0
WC-1986,T-03,P-64307,1957-04-30,1986,29.0
WC-1986,T-86,P-67713,1960-11-09,1986,26.0
WC-1986,T-86,P-66165,1955-11-14,1986,31.0
WC-1986,T-86,P-36201,1955-11-07,1986,31.0
WC-1986,T-86,P-04572,1960-04-13,1986,26.0
WC-1986,T-86,P-71616,1954-10-23,1986,32.0
WC-1986,T-86,P-65532,1957-01-05,1986,29.0
WC-1986,T-86,P-59388,1964-11-12,1986,22.0
WC-1986,T-86,P-23204,1957-09-26,1986,29.0
WC-1986,T-86,P-45408,1966-05-01,1986,20.0
WC-1986,T-86,P-91180,1953-08-28,1986,33.0
WC-1986,T-86,P-93701,1962-05-21,1986,24.0
WC-1986,T-86,P-95392,1956-12-05,1986,30.0
WC-1986,T-86,P-27194,1953-01-07,1986,33.0
WC-1986,T-86,P-96946,1959-12-26,1986,27.0
WC-1986,T-30,P-51570,1957-01-04,1986,29.0
WC-1986,T-30,P-29650,1961-01-10,1986,25.0
WC-1986,T-30,P-27495,1958-11-30,1986,28.0
WC-1986,T-30,P-94723,1960-04-19,1986,26.0
WC-1986,T-30,P-52595,1958-01-19,1986,28.0
WC-1986,T-30,P-00643,1959-10-02,1986,27.0
WC-1986,T-30,P-80821,1962-12-26,1986,24.0
WC-1986,T-30,P-93959,1962-01-28,1986,24.0
WC-1986,T-30,P-31235,1963-11-05,1986,23.0
WC-1986,T-30,P-22982,1961-01-09,1986,25.0
WC-1986,T-30,P-88945,1959-06-22,1986,27.0
WC-1986,T-30,P-51538,1954-01-13,1986,32.0
WC-1986,T-30,P-87726,1953-10-10,1986,33.0
WC-1986,T-06,P-08623,1961-04-30,1986,25.0
WC-1986,T-06,P-39297,1958-01-19,1986,28.0
WC-1986,T-06,P-71806,1953-07-22,1986,33.0
WC-1986,T-06,P-97414,1966-02-19,1986,20.0
WC-1986,T-06,P-13042,1958-11-29,1986,28.0
WC-1986,T-06,P-99499,1962-01-25,1986,24.0
WC-1986,T-06,P-05723,1956-11-06,1986,30.0
WC-1986,T-06,P-43888,1962-01-07,1986,24.0
WC-1986,T-06,P-47038,1962-10-07,1986,24.0
WC-1986,T-06,P-24703,1956-12-09,1986,30.0
WC-1986,T-06,P-93848,1952-04-10,1986,34.0
WC-1986,T-06,P-47067,1962-09-02,1986,24.0
WC-1986,T-06,P-95299,1966-03-11,1986,20.0
WC-1986,T-06,P-92384,1965-01-17,1986,21.0
WC-1990,T-86,P-59164,1967-04-07,1990,23.0
WC-1990,T-86,P-74629,1966-10-16,1990,24.0
WC-1990,T-86,P-83968,1965-10-06,1990,25.0
WC-1990,T-86,P-51921,1961-01-24,1990,29.0
WC-1990,T-86,P-77552,1966-05-30,1990,24.0
WC-1990,T-86,P-03526,1958-07-23,1990,32.0
WC-1990,T-86,P-70770,1963-10-12,1990,27.0
WC-1990,T-86,P-43380,1965-09-16,1990,25.0
WC-1990,T-86,P-60022,1960-09-26,1990,30.0
WC-1990,T-86,P-25067,1957-01-23,1990,33.0
WC-1990,T-86,P-37963,1967-09-02,1990,23.0
WC-1990,T-86,P-91373,1964-07-30,1990,26.0
WC-1990,T-86,P-55047,1960-03-27,1990,30.0
WC-1990,T-86,P-46363,1960-12-05,1990,30.0
WC-1990,T-86,P-45405,1962-03-12,1990,28.0
WC-1990,T-03,P-07031,1966-06-01,1990,24.0
WC-1990,T-03,P-14841,1963-06-20,1990,27.0
WC-1990,T-03,P-06684,1958-01-26,1990,32.0
WC-1990,T-03,P-35873,1967-01-09,1990,23.0
WC-1990,T-03,P-53936,1964-02-14,1990,26.0
WC-1990,T-03,P-64003,1968-04-29,1990,22.0
WC-1990,T-03,P-34056,1963-10-17,1990,27.0
WC-1990,T-03,P-23349,1966-02-28,1990,24.0
WC-1990,T-03,P-31161,1962-02-23,1990,28.0
WC-1990,T-03,P-82949,1966-10-12,1990,24.0
WC-1990,T-03,P-80379,1962-06-16,1990,28.0
WC-1990,T-03,P-14628,1960-03-02,1990,30.0
WC-1990,T-03,P-30977,1965-07-28,1990,25.0
WC-1990,T-03,P-15632,1965-12-20,1990,25.0
WC-1990,T-41,P-35719,1961-04-07,1990,29.0
WC-1990,T-41,P-67143,1967-02-11,1990,23.0
WC-1990,T-41,P-47366,1963-08-20,1990,27.0
WC-1990,T-41,P-43222,1968-06-26,1990,22.0
WC-1990,T-41,P-67585,1967-04-14,1990,23.0
WC-1990,T-41,P-61854,1957-05-13,1990,33.0
WC-1990,T-41,P-75545,1964-08-20,1990,26.0
WC-1990,T-41,P-13438,1965-07-04,1990,25.0
WC-1990,T-41,P-78756,1967-02-18,1990,23.0
WC-1990,T-41,P-49269,1961-01-12,1990,29.0
WC-1990,T-41,P-38434,1963-09-09,1990,27.0
WC-1990,T-41,P-25410,1964-11-27,1990,26.0
WC-1990,T-41,P-76544,1964-12-01,1990,26.0
WC-1990,T-41,P-88002,1966-12-18,1990,24.0
WC-1990,T-28,P-67307,1962-04-24,1990,28.0
WC-1990,T-28,P-17303,1963-07-30,1990,27.0
WC-1990,T-28,P-55650,1965-11-26,1990,25.0
WC-1990,T-28,P-96960,1964-04-04,1990,26.0
WC-1990,T-28,P-68510,1963-08-01,1990,27.0
WC-1990,T-28,P-10265,1965-12-31,1990,25.0
WC-1990,T-28,P-27404,1961-08-20,1990,29.0
WC-1990,T-28,P-34450,1966-06-10,1990,24.0
WC-1990,T-28,P-06127,1967-05-27,1990,23.0
WC-1990,T-28,P-00081,1965-03-28,1990,25.0
WC-1990,T-28,P-13285,1963-09-19,1990,27.0
WC-1991,T-83,P-65159,1965-06-04,1991,26.0
WC-1991,T-83,P-90564,1964-02-27,1991,27.0
WC-1991,T-83,P-48379,1968-02-20,1991,23.0
WC-1991,T-83,P-56906,1968-05-09,1991,23.0
WC-1991,T-83,P-29594,1966-03-20,1991,25.0
WC-1991,T-83,P-99201,1968-07-21,1991,23.0
WC-1991,T-83,P-36970,1967-05-05,1991,24.0
WC-1991,T-83,P-10856,1969-06-04,1991,22.0
WC-1991,T-83,P-28901,1972-03-17,1991,19.0
WC-1991,T-83,P-54794,1966-02-01,1991,25.0
WC-1991,T-83,P-89416,1971-01-23,1991,20.0
WC-1991,T-83,P-99328,1965-01-09,1991,26.0
WC-1991,T-83,P-25850,1971-07-22,1991,20.0
WC-1991,T-83,P-30345,1968-02-08,1991,23.0
WC-1991,T-83,P-05397,1966-12-25,1991,25.0
WC-1991,T-83,P-30282,1966-05-27,1991,25.0
WC-1991,T-83,P-13711,1965-03-25,1991,26.0
WC-1991,T-83,P-83809,1964-08-12,1991,27.0
WC-1991,T-53,P-89376,1966-06-09,1991,25.0
WC-1991,T-53,P-29059,1971-08-02,1991,20.0
WC-1991,T-53,P-08403,1969-12-06,1991,22.0
WC-1991,T-53,P-67204,1972-10-30,1991,19.0
WC-1991,T-53,P-36817,1960-03-21,1991,31.0
WC-1991,T-53,P-06023,1971-01-15,1991,20.0
WC-1991,T-53,P-24254,1964-02-06,1991,27.0
WC-1991,T-53,P-91065,1963-07-04,1991,28.0
WC-1991,T-53,P-84389,1969-07-18,1991,22.0
WC-1991,T-53,P-58688,1965-06-17,1991,26.0
WC-1991,T-53,P-35393,1966-07-23,1991,25.0
WC-1991,T-53,P-39183,1974-07-23,1991,17.0
WC-1991,T-53,P-58483,1964-10-21,1991,27.0
WC-1991,T-53,P-03648,1970-01-25,1991,21.0
WC-1991,T-53,P-84789,1971-10-02,1991,20.0
WC-1991,T-53,P-18995,1966-11-16,1991,25.0
WC-1991,T-53,P-54099,1968-11-26,1991,23.0
WC-1991,T-53,P-41995,1967-08-17,1991,24.0
WC-1991,T-74,P-16323,1957-03-06,1991,34.0
WC-1991,T-74,P-08153,1967-03-09,1991,24.0
WC-1991,T-74,P-96118,1963-05-02,1991,28.0
WC-1991,T-74,P-35861,1969-04-24,1991,22.0
WC-1991,T-74,P-57532,1967-04-18,1991,24.0
WC-1991,T-74,P-84182,1968-09-15,1991,23.0
WC-1991,T-74,P-12441,1960-02-13,1991,31.0
WC-1991,T-74,P-24936,1972-06-26,1991,19.0
WC-1991,T-74,P-57215,1965-07-09,1991,26.0
WC-1991,T-74,P-33270,1962-12-09,1991,29.0
WC-1991,T-74,P-81571,1968-06-21,1991,23.0
WC-1991,T-74,P-01275,1966-02-23,1991,25.0
WC-1991,T-74,P-42701,1967-08-31,1991,24.0
WC-1991,T-74,P-31691,1969-01-20,1991,22.0
WC-1991,T-74,P-98080,1970-11-24,1991,21.0
WC-1991,T-74,P-02652,1965-07-09,1991,26.0
WC-1991,T-74,P-03801,1963-12-04,1991,28.0
WC-1991,T-74,P-99713,1969-02-19,1991,22.0
WC-1991,T-31,P-36095,1964-02-25,1991,27.0
WC-1991,T-31,P-51730,1966-12-25,1991,25.0
WC-1991,T-31,P-63276,1965-10-08,1991,26.0
WC-1991,T-31,P-95856,1968-10-13,1991,23.0
WC-1991,T-31,P-44228,1968-10-25,1991,23.0
WC-1991,T-31,P-48884,1966-09-27,1991,25.0
WC-1991,T-31,P-21423,1967-12-22,1991,24.0
WC-1991,T-31,P-53366,1971-10-07,1991,20.0
WC-1991,T-31,P-30335,1967-05-29,1991,24.0
WC-1991,T-31,P-10757,1964-05-02,1991,27.0
WC-1991,T-31,P-39883,1971-09-21,1991,20.0
WC-1991,T-31,P-76215,1971-04-01,1991,20.0
WC-1991,T-31,P-10018,1965-01-14,1991,26.0
WC-1991,T-31,P-16920,1961-03-20,1991,30.0
WC-1991,T-31,P-25144,1965-01-21,1991,26.0
WC-1991,T-31,P-47441,1970-05-23,1991,21.0
WC-1991,T-31,P-08619,1973-04-12,1991,18.0
WC-1991,T-31,P-58592,1972-04-10,1991,19.0
WC-1994,T-09,P-74676,1965-06-19,1994,29.0
WC-1994,T-09,P-12551,1968-01-12,1994,26.0
WC-1994,T-09,P-12418,1967-06-17,1994,27.0
WC-1994,T-09,P-93386,1965-05-15,1994,29.0
WC-1994,T-09,P-02858,1965-01-10,1994,29.0
WC-1994,T-09,P-91718,1970-06-07,1994,24.0
WC-1994,T-09,P-07679,1969-09-15,1994,25.0
WC-1994,T-09,P-72471,1969-09-05,1994,25.0
WC-1994,T-09,P-86509,1969-06-02,1994,25.0
WC-1994,T-09,P-62722,1976-09-18,1994,18.0
WC-1994,T-09,P-81097,1969-01-01,1994,25.0
WC-1994,T-09,P-12835,1959-01-13,1994,35.0
WC-1994,T-41,P-83615,1967-05-02,1994,27.0
WC-1994,T-41,P-24741,1968-08-21,1994,26.0
WC-1994,T-41,P-36036,1966-04-24,1994,28.0
WC-1994,T-41,P-98192,1967-02-08,1994,27.0
WC-1994,T-41,P-02430,1963-08-25,1994,31.0
WC-1994,T-41,P-80307,1960-01-19,1994,34.0
WC-1994,T-41,P-87231,1971-08-23,1994,23.0
WC-1994,T-41,P-93900,1966-02-22,1994,28.0
WC-1994,T-41,P-52474,1971-07-24,1994,23.0
WC-1994,T-41,P-96535,1969-07-31,1994,25.0
WC-1994,T-41,P-38178,1963-01-01,1994,31.0
WC-1994,T-41,P-26730,1969-03-04,1994,25.0
WC-1994,T-41,P-32071,1968-02-17,1994,26.0
WC-1994,T-41,P-78280,1966-07-05,1994,28.0
WC-1994,T-41,P-14001,1969-03-13,1994,25.0
WC-1994,T-74,P-63774,1971-08-18,1994,23.0
WC-1994,T-74,P-39860,1971-03-15,1994,23.0
WC-1994,T-74,P-42895,1971-09-20,1994,23.0
WC-1994,T-74,P-63429,1968-04-16,1994,26.0
WC-1994,T-74,P-34801,1968-09-28,1994,26.0
WC-1994,T-74,P-72332,1969-04-05,1994,25.0
WC-1994,T-74,P-30568,1973-04-15,1994,21.0
WC-1994,T-74,P-80132,1966-09-22,1994,28.0
WC-1994,T-74,P-66178,1971-06-14,1994,23.0
WC-1994,T-74,P-60371,1967-10-06,1994,27.0
WC-1994,T-74,P-39634,1968-07-08,1994,26.0
WC-1994,T-74,P-65081,1974-02-05,1994,20.0
WC-1994,T-74,P-07902,1973-03-19,1994,21.0
WC-1994,T-10,P-88510,1969-08-13,1994,25.0
WC-1994,T-10,P-47670,1965-07-27,1994,29.0
WC-1994,T-10,P-06964,1970-01-06,1994,24.0
WC-1994,T-10,P-07517,1964-02-26,1994,30.0
WC-1994,T-10,P-56496,1966-06-07,1994,28.0
WC-1994,T-10,P-23633,1967-08-12,1994,27.0
WC-1994,T-10,P-81648,1966-02-08,1994,28.0
WC-1994,T-10,P-19567,1967-07-09,1994,27.0
WC-1994,T-10,P-40793,1970-01-15,1994,24.0
WC-1994,T-10,P-31099,1961-08-20,1994,33.0
WC-1994,T-10,P-99271,1968-04-22,1994,26.0
WC-1994,T-10,P-67920,1964-07-07,1994,30.0
WC-1994,T-10,P-40749,1964-03-31,1994,30.0
WC-1994,T-10,P-48990,1967-08-04,1994,27.0
WC-1994,T-10,P-24215,1966-07-15,1994,28.0
WC-1994,T-10,P-96679,1962-12-07,1994,32.0
WC-1994,T-10,P-36178,1963-01-10,1994,31.0
WC-1994,T-10,P-22562,1966-03-29,1994,28.0
WC-1994,T-10,P-51016,1970-08-26,1994,24.0
WC-1994,T-10,P-33264,1967-08-14,1994,27.0
WC-1995,T-53,P-05714,1972-09-28,1995,23.0
WC-1995,T-53,P-29154,1972-09-28,1995,23.0
WC-1995,T-53,P-84049,1972-03-23,1995,23.0
WC-1995,T-53,P-29915,1973-01-19,1995,22.0
WC-1995,T-53,P-33146,1973-05-16,1995,22.0
WC-1995,T-53,P-22200,1973-11-22,1995,22.0
WC-1995,T-53,P-79792,1968-04-09,1995,27.0
WC-1995,T-53,P-75121,1975-04-12,1995,20.0
WC-1995,T-53,P-10394,1971-07-31,1995,24.0
WC-1995,T-53,P-98852,1975-06-21,1995,20.0
WC-1995,T-53,P-05474,1977-02-25,1995,18.0
WC-1995,T-31,P-99286,1971-01-05,1995,24.0
WC-1995,T-31,P-27293,1970-10-05,1995,25.0
WC-1995,T-31,P-02008,1972-02-07,1995,23.0
WC-1995,T-31,P-78183,1966-11-07,1995,29.0
WC-1995,T-31,P-50598,1973-08-05,1995,22.0
WC-1995,T-31,P-53623,1966-04-07,1995,29.0
WC-1995,T-31,P-67353,1970-11-23,1995,25.0
WC-1995,T-31,P-61679,1974-11-29,1995,21.0
WC-1995,T-31,P-53205,1973-04-07,1995,22.0
WC-1995,T-31,P-84207,1971-09-24,1995,24.0
WC-1995,T-31,P-52478,1977-10-25,1995,18.0
WC-1995,T-31,P-33252,1977-10-10,1995,18.0
WC-1995,T-31,P-08789,1975-01-26,1995,20.0
WC-1995,T-31,P-49074,1977-07-03,1995,18.0
WC-1995,T-31,P-09165,1974-06-12,1995,21.0
WC-1995,T-83,P-17759,1971-09-07,1995,24.0
WC-1995,T-83,P-39237,1974-04-17,1995,21.0
WC-1995,T-83,P-73318,1976-02-08,1995,19.0
WC-1995,T-83,P-75727,1977-05-05,1995,18.0
WC-1995,T-83,P-78370,1975-03-24,1995,20.0
WC-1995,T-83,P-57583,1972-06-07,1995,23.0
WC-1995,T-83,P-49668,1973-03-03,1995,22.0
WC-1995,T-83,P-98699,1972-10-23,1995,23.0
WC-1995,T-83,P-47474,1974-09-05,1995,21.0
WC-1995,T-83,P-38343,1971-06-13,1995,24.0
WC-1995,T-83,P-57965,1970-06-15,1995,25.0
WC-1995,T-14,P-44067,1973-11-12,1995,22.0
WC-1995,T-14,P-36217,1972-04-29,1995,23.0
WC-1995,T-14,P-17198,1973-02-02,1995,22.0
WC-1995,T-14,P-46333,1975-01-17,1995,20.0
WC-1995,T-14,P-35093,1968-02-13,1995,27.0
WC-1995,T-14,P-51755,1970-01-17,1995,25.0
WC-1995,T-14,P-65910,1972-12-25,1995,23.0
WC-1995,T-14,P-94408,1972-11-09,1995,23.0
WC-1995,T-14,P-95666,1973-10-21,1995,22.0
WC-1995,T-14,P-75180,1967-11-27,1995,28.0
WC-1998,T-30,P-30371,1963-04-07,1998,35.0
WC-1998,T-30,P-22876,1973-10-24,1998,25.0
WC-1998,T-30,P-56735,1969-12-09,1998,29.0
WC-1998,T-30,P-96540,1976-06-23,1998,22.0
WC-1998,T-30,P-74952,1965-11-19,1998,33.0
WC-1998,T-30,P-80680,1968-03-09,1998,30.0
WC-1998,T-30,P-61954,1968-10-15,1998,30.0
WC-1998,T-30,P-79380,1968-09-07,1998,30.0
WC-1998,T-30,P-26820,1970-09-06,1998,28.0
WC-1998,T-30,P-56430,1972-06-23,1998,26.0
WC-1998,T-30,P-99420,1973-10-29,1998,25.0
WC-1998,T-30,P-51395,1977-08-17,1998,21.0
WC-1998,T-30,P-54985,1974-01-23,1998,24.0
WC-1998,T-30,P-10738,1970-10-27,1998,28.0
WC-1998,T-30,P-56947,1972-01-01,1998,26.0
WC-1998,T-30,P-55991,1971-06-28,1998,27.0
WC-1998,T-30,P-40400,1970-09-22,1998,28.0
WC-1998,T-30,P-19907,1968-01-22,1998,30.0
WC-1998,T-30,P-28482,1970-12-03,1998,28.0
WC-1998,T-30,P-12167,1977-10-15,1998,21.0
WC-1998,T-30,P-74065,1972-03-24,1998,26.0
WC-1998,T-30,P-75179,1966-10-25,1998,32.0
WC-1998,T-09,P-09547,1970-03-14,1998,28.0
WC-1998,T-09,P-03658,1968-03-31,1998,30.0
WC-1998,T-09,P-85176,1973-04-10,1998,25.0
WC-1998,T-09,P-10812,1972-02-04,1998,26.0
WC-1998,T-09,P-74261,1972-04-19,1998,26.0
WC-1998,T-09,P-52008,1976-04-04,1998,22.0
WC-1998,T-09,P-70594,1970-08-14,1998,28.0
WC-1998,T-09,P-63053,1968-11-14,1998,30.0
WC-1998,T-09,P-93839,1966-02-22,1998,32.0
WC-1998,T-09,P-99966,1968-09-20,1998,30.0
WC-1998,T-09,P-39545,1974-07-06,1998,24.0
WC-1998,T-09,P-64142,1972-05-28,1998,26.0
WC-1998,T-09,P-79146,1977-08-24,1998,21.0
WC-1998,T-09,P-24526,1971-04-02,1998,27.0
WC-1998,T-09,P-02795,1973-10-07,1998,25.0
WC-1998,T-18,P-52310,1963-01-01,1998,35.0
WC-1998,T-18,P-43142,1974-07-01,1998,24.0
WC-1998,T-18,P-31857,1979-01-15,1998,19.0
WC-1998,T-18,P-98512,1967-09-06,1998,31.0
WC-1998,T-18,P-44332,1963-02-05,1998,35.0
WC-1998,T-18,P-85355,1968-09-11,1998,30.0
WC-1998,T-18,P-21803,1965-12-14,1998,33.0
WC-1998,T-18,P-05779,1968-10-08,1998,30.0
WC-1998,T-18,P-18926,1975-03-20,1998,23.0
WC-1998,T-18,P-96358,1965-05-06,1998,33.0
WC-1998,T-18,P-75377,1972-04-10,1998,26.0
WC-1998,T-18,P-37461,1967-11-02,1998,31.0
WC-1998,T-18,P-42144,1978-04-16,1998,20.0
WC-1998,T-18,P-93377,1967-10-27,1998,31.0
WC-1998,T-18,P-59881,1971-09-30,1998,27.0
WC-1998,T-18,P-96110,1972-08-07,1998,26.0
WC-1998,T-18,P-41724,1975-11-12,1998,23.0
WC-1998,T-18,P-76217,1969-11-26,1998,29.0
WC-1998,T-18,P-94668,1975-07-06,1998,23.0
WC-1998,T-48,P-27926,1973-05-03,1998,25.0
WC-1998,T-48,P-46061,1972-07-17,1998,26.0
WC-1998,T-48,P-59191,1976-07-01,1998,22.0
WC-1998,T-48,P-88946,1976-04-01,1998,22.0
WC-1998,T-48,P-42224,1970-10-29,1998,28.0
WC-1998,T-48,P-34767,1976-08-15,1998,22.0
WC-1998,T-48,P-96131,1974-07-11,1998,24.0
WC-1998,T-48,P-76156,1970-10-22,1998,28.0
WC-1998,T-48,P-45916,1973-03-13,1998,25.0
WC-1998,T-48,P-88340,1969-11-29,1998,29.0
WC-1998,T-48,P-21832,1975-02-05,1998,23.0
WC-1998,T-48,P-30015,1972-03-27,1998,26.0
WC-1998,T-48,P-55197,1965-10-31,1998,33.0
WC-1999,T-83,P-53620,1978-08-05,1999,21.0
WC-1999,T-83,P-00471,1975-06-24,1999,24.0
WC-1999,T-83,P-71411,1976-04-28,1999,23.0
WC-1999,T-83,P-14832,1974-10-07,1999,25.0
WC-1999,T-83,P-18634,1978-05-08,1999,21.0
WC-1999,T-83,P-24048,1976-03-24,1999,23.0
WC-1999,T-83,P-34806,1973-06-18,1999,26.0
WC-1999,T-83,P-58480,1976-08-23,1999,23.0
WC-1999,T-14,P-63535,1976-08-23,1999,23.0
WC-1999,T-14,P-70314,1975-11-02,1999,24.0
WC-1999,T-14,P-09811,1972-07-27,1999,27.0
WC-1999,T-14,P-67766,1980-08-20,1999,19.0
WC-1999,T-14,P-48897,1974-06-11,1999,25.0
WC-1999,T-14,P-16075,1972-03-28,1999,27.0
WC-1999,T-14,P-84161,1974-06-17,1999,25.0
WC-1999,T-14,P-68281,1972-02-02,1999,27.0
WC-1999,T-14,P-20612,1978-03-02,1999,21.0
WC-1999,T-14,P-79018,1973-12-07,1999,26.0
WC-1999,T-14,P-51393,1976-11-11,1999,23.0
WC-1999,T-09,P-64203,1973-04-10,1999,26.0
WC-1999,T-09,P-96106,1976-10-06,1999,23.0
WC-1999,T-09,P-11872,1981-10-03,1999,18.0
WC-1999,T-09,P-67574,1977-04-30,1999,22.0
WC-1999,T-09,P-89410,1973-10-12,1999,26.0
WC-1999,T-09,P-66036,1977-09-14,1999,22.0
WC-1999,T-09,P-78266,1981-03-28,1999,18.0
WC-1999,T-09,P-89908,1978-05-10,1999,21.0
WC-1999,T-09,P-58199,1982-03-10,1999,17.0
WC-1999,T-09,P-62970,1981-04-16,1999,18.0
WC-1999,T-53,P-04956,1972-06-05,1999,27.0
WC-1999,T-53,P-01272,1972-01-28,1999,27.0
WC-1999,T-53,P-31385,1977-05-05,1999,22.0
WC-1999,T-53,P-83715,1973-08-05,1999,26.0
WC-1999,T-53,P-78069,1975-03-25,1999,24.0
WC-1999,T-53,P-49113,1978-01-10,1999,21.0
WC-1999,T-53,P-74483,1977-02-22,1999,22.0
WC-1999,T-53,P-49154,1978-06-19,1999,21.0
WC-1999,T-53,P-70069,1981-01-12,1999,18.0
WC-1999,T-53,P-00556,1977-07-24,1999,22.0
WC-1999,T-53,P-06090,1974-03-18,1999,25.0
WC-1999,T-53,P-65709,1977-03-22,1999,22.0
WC-1999,T-53,P-72974,1977-06-07,1999,22.0
WC-2002,T-09,P-64377,1973-08-04,2002,29.0
WC-2002,T-09,P-42918,1978-05-08,2002,24.0
WC-2002,T-09,P-66308,1976-08-31,2002,26.0
WC-2002,T-09,P-09270,1976-07-10,2002,26.0
WC-2002,T-09,P-57975,1976-05-23,2002,26.0
WC-2002,T-09,P-45956,1976-10-07,2002,26.0
WC-2002,T-09,P-57361,1980-03-21,2002,22.0
WC-2002,T-09,P-93236,1976-06-20,2002,26.0
WC-2002,T-09,P-09454,1979-02-09,2002,23.0
WC-2002,T-09,P-79283,1979-06-19,2002,23.0
WC-2002,T-09,P-29601,1973-06-20,2002,29.0
WC-2002,T-09,P-06280,1974-03-13,2002,28.0
WC-2002,T-09,P-20389,1973-02-22,2002,29.0
WC-2002,T-09,P-26695,1971-09-17,2002,31.0
WC-2002,T-09,P-89804,1975-11-14,2002,27.0
WC-2002,T-09,P-01939,1973-01-22,2002,29.0
WC-2002,T-09,P-58388,1982-04-22,2002,20.0
WC-2002,T-31,P-17520,1969-12-26,2002,33.0
WC-2002,T-31,P-71726,1972-04-29,2002,30.0
WC-2002,T-31,P-73157,1975-10-29,2002,27.0
WC-2002,T-31,P-57588,1974-03-20,2002,28.0
WC-2002,T-31,P-55504,1973-05-01,2002,29.0
WC-2002,T-31,P-45490,1974-08-28,2002,28.0
WC-2002,T-31,P-97252,1976-07-10,2002,26.0
WC-2002,T-31,P-27787,1978-06-09,2002,24.0
WC-2002,T-31,P-84003,1976-09-26,2002,26.0
WC-2002,T-31,P-25543,1978-10-03,2002,24.0
WC-2002,T-31,P-51287,1980-02-13,2002,22.0
WC-2002,T-31,P-03026,1969-07-23,2002,33.0
WC-2002,T-31,P-42820,1974-01-22,2002,28.0
WC-2002,T-31,P-32136,1973-11-17,2002,29.0
WC-2002,T-31,P-04065,1980-11-05,2002,22.0
WC-2002,T-31,P-35264,1976-11-22,2002,26.0
WC-2002,T-31,P-05630,1974-05-28,2002,28.0
WC-2002,T-80,P-61478,1973-05-10,2002,29.0
WC-2002,T-80,P-52032,1973-12-13,2002,29.0
WC-2002,T-80,P-94559,1968-11-24,2002,34.0
WC-2002,T-80,P-79130,1977-12-26,2002,25.0
WC-2002,T-80,P-44850,1973-05-29,2002,29.0
WC-2002,T-80,P-37782,1972-01-02,2002,30.0
WC-2002,T-80,P-31907,1973-10-19,2002,29.0
WC-2002,T-80,P-63089,1970-08-24,2002,32.0
WC-2002,T-80,P-58212,1971-09-01,2002,31.0
WC-2002,T-80,P-21108,1978-12-24,2002,24.0
WC-2002,T-80,P-23883,1976-08-01,2002,26.0
WC-2002,T-80,P-49485,1974-10-15,2002,28.0
WC-2002,T-80,P-59617,1974-10-31,2002,28.0
WC-2002,T-80,P-16859,1970-04-23,2002,32.0
WC-2002,T-80,P-98680,1979-11-23,2002,23.0
WC-2002,T-80,P-04455,1976-10-30,2002,26.0
WC-2002,T-80,P-41133,1975-08-10,2002,27.0
WC-2002,T-80,P-65298,1972-05-17,2002,30.0
WC-2002,T-80,P-58069,1971-12-08,2002,31.0
WC-2002,T-80,P-78533,1973-05-14,2002,29.0
WC-2002,T-80,P-46497,1980-09-07,2002,22.0
WC-2002,T-80,P-31566,1973-07-30,2002,29.0
WC-2002,T-80,P-05081,1975-03-10,2002,27.0
WC-2002,T-71,P-26659,1979-12-25,2002,23.0
WC-2002,T-71,P-07865,1971-03-26,2002,31.0
WC-2002,T-71,P-51785,1977-03-14,2002,25.0
WC-2002,T-71,P-37114,1981-03-13,2002,21.0
WC-2002,T-71,P-56626,1979-01-08,2002,23.0
WC-2002,T-71,P-46519,1977-04-23,2002,25.0
WC-2002,T-71,P-60562,1975-09-08,2002,27.0
WC-2002,T-71,P-22338,1981-07-09,2002,21.0
WC-2002,T-71,P-39884,1980-07-25,2002,22.0
WC-2002,T-71,P-68095,1973-02-16,2002,29.0
WC-2002,T-71,P-26616,1976-01-27,2002,26.0
WC-2002,T-71,P-25724,1981-02-25,2002,21.0
WC-2002,T-71,P-83544,1979-02-20,2002,23.0
WC-2002,T-71,P-42690,1971-04-05,2002,31.0
WC-2003,T-31,P-15303,1983-12-07,2003,20.0
WC-2003,T-31,P-41816,1980-01-18,2003,23.0
WC-2003,T-31,P-80012,1980-04-18,2003,23.0
WC-2003,T-31,P-50305,1978-11-05,2003,25.0
WC-2003,T-31,P-85840,1983-02-11,2003,20.0
WC-2003,T-31,P-08780,1979-09-04,2003,24.0
WC-2003,T-31,P-06382,1978-08-05,2003,25.0
WC-2003,T-31,P-09674,1978-11-16,2003,25.0
WC-2003,T-74,P-82146,1977-11-22,2003,26.0
WC-2003,T-74,P-32488,1979-05-13,2003,24.0
WC-2003,T-74,P-86496,1982-05-23,2003,21.0
WC-2003,T-74,P-85779,1982-09-20,2003,21.0
WC-2003,T-74,P-91907,1980-01-23,2003,23.0
WC-2003,T-74,P-95194,1977-04-08,2003,26.0
WC-2003,T-74,P-56708,1977-04-23,2003,26.0
WC-2003,T-74,P-82102,1977-12-10,2003,26.0
WC-2003,T-74,P-28523,1977-07-16,2003,26.0
WC-2003,T-74,P-29677,1983-07-23,2003,20.0
WC-2003,T-83,P-80622,1978-10-24,2003,25.0
WC-2003,T-83,P-27814,1982-02-10,2003,21.0
WC-2003,T-83,P-92403,1977-06-29,2003,26.0
WC-2003,T-83,P-96012,1980-08-10,2003,23.0
WC-2003,T-83,P-17219,1980-06-10,2003,23.0
WC-2003,T-83,P-42208,1978-05-22,2003,25.0
WC-2003,T-83,P-01853,1978-07-05,2003,25.0
WC-2003,T-83,P-89236,1980-06-02,2003,23.0
WC-2003,T-12,P-74702,1981-09-15,2003,22.0
WC-2003,T-12,P-86178,1982-05-23,2003,21.0
WC-2003,T-12,P-15381,1983-02-24,2003,20.0
WC-2003,T-12,P-85437,1981-02-13,2003,22.0
WC-2003,T-12,P-35069,1982-05-12,2003,21.0
WC-2003,T-12,P-00020,1979-11-14,2003,24.0
WC-2003,T-12,P-97813,1983-06-12,2003,20.0
WC-2003,T-12,P-28528,1984-04-06,2003,19.0
WC-2003,T-12,P-80374,1984-05-02,2003,19.0
WC-2003,T-12,P-20854,1986-10-22,2003,17.0
WC-2003,T-12,P-36636,1985-09-05,2003,18.0
WC-2003,T-12,P-77759,1985-08-26,2003,18.0
WC-2003,T-12,P-33982,1983-02-26,2003,20.0
WC-2003,T-12,P-76027,1981-02-04,2003,22.0
WC-2006,T-41,P-14267,1981-12-21,2006,25.0
WC-2006,T-41,P-99473,1977-11-28,2006,29.0
WC-2006,T-41,P-65802,1983-07-24,2006,23.0
WC-2006,T-41,P-26539,1981-05-08,2006,25.0
WC-2006,T-41,P-96512,1977-05-26,2006,29.0
WC-2006,T-41,P-48645,1982-07-05,2006,24.0
WC-2006,T-41,P-88263,1970-02-16,2006,36.0
WC-2006,T-41,P-69103,1982-04-02,2006,24.0
WC-2006,T-41,P-38599,1979-11-21,2006,27.0
WC-2006,T-41,P-22378,1976-10-04,2006,30.0
WC-2006,T-41,P-97154,1978-04-30,2006,28.0
WC-2006,T-41,P-57529,1977-09-17,2006,29.0
WC-2006,T-41,P-99537,1979-05-19,2006,27.0
WC-2006,T-41,P-70140,1976-06-14,2006,30.0
WC-2006,T-30,P-30652,1979-05-14,2006,27.0
WC-2006,T-30,P-63176,1979-12-14,2006,27.0
WC-2006,T-30,P-04469,1979-09-11,2006,27.0
WC-2006,T-30,P-68803,1977-08-17,2006,29.0
WC-2006,T-30,P-18830,1980-06-13,2006,26.0
WC-2006,T-30,P-51388,1973-10-10,2006,33.0
WC-2006,T-30,P-31668,1979-07-27,2006,27.0
WC-2006,T-30,P-48944,1978-08-08,2006,28.0
WC-2006,T-30,P-98022,1981-10-09,2006,25.0
WC-2006,T-30,P-58415,1981-07-15,2006,25.0
WC-2006,T-30,P-43681,1979-02-21,2006,27.0
WC-2006,T-30,P-55659,1983-04-07,2006,23.0
WC-2006,T-31,P-50326,1985-11-04,2006,21.0
WC-2006,T-31,P-43481,1979-05-29,2006,27.0
WC-2006,T-31,P-27557,1984-08-18,2006,22.0
WC-2006,T-31,P-94304,1974-01-11,2006,32.0
WC-2006,T-31,P-43400,1984-08-01,2006,22.0
WC-2006,T-31,P-27261,1983-11-05,2006,23.0
WC-2006,T-31,P-73973,1982-04-05,2006,24.0
WC-2006,T-31,P-18599,1983-11-11,2006,23.0
WC-2006,T-31,P-02328,1984-09-29,2006,22.0
WC-2006,T-31,P-08154,1980-05-02,2006,26.0
WC-2006,T-31,P-36287,1985-06-04,2006,21.0
WC-2006,T-31,P-24324,1984-02-21,2006,22.0
WC-2006,T-31,P-30693,1979-04-05,2006,27.0
WC-2006,T-58,P-16378,1979-01-18,2006,27.0
WC-2006,T-58,P-55321,1981-05-16,2006,25.0
WC-2006,T-58,P-53943,1978-06-05,2006,28.0
WC-2006,T-58,P-80908,1974-12-01,2006,32.0
WC-2006,T-58,P-32279,1979-10-31,2006,27.0
WC-2006,T-58,P-86534,1975-11-13,2006,31.0
WC-2006,T-58,P-28497,1980-01-04,2006,26.0
WC-2006,T-58,P-62437,1974-09-12,2006,32.0
WC-2006,T-58,P-68375,1977-08-04,2006,29.0
WC-2006,T-58,P-37760,1978-05-18,2006,28.0
WC-2006,T-58,P-70442,1985-02-05,2006,21.0
WC-2006,T-58,P-17581,1977-11-11,2006,29.0
WC-2006,T-58,P-21434,1981-05-02,2006,25.0
WC-2006,T-58,P-96343,1977-08-27,2006,29.0
WC-2006,T-58,P-55784,1972-12-11,2006,34.0
WC-2006,T-58,P-83900,1982-08-02,2006,24.0
WC-2007,T-31,P-96080,1982-09-09,2007,25.0
WC-2007,T-31,P-59869,1988-05-12,2007,19.0
WC-2007,T-31,P-67377,1985-07-01,2007,22.0
WC-2007,T-31,P-39260,1985-11-18,2007,22.0
WC-2007,T-31,P-30564,1985-05-16,2007,22.0
WC-2007,T-31,P-95839,1982-06-26,2007,25.0
WC-2007,T-31,P-47092,1986-07-12,2007,21.0
WC-2007,T-31,P-54473,1988-04-01,2007,19.0
WC-2007,T-31,P-50575,1982-11-09,2007,25.0
WC-2007,T-09,P-81163,1982-11-01,2007,25.0
WC-2007,T-09,P-84724,1982-07-06,2007,25.0
WC-2007,T-09,P-61069,1988-07-04,2007,19.0
WC-2007,T-09,P-25746,1983-04-15,2007,24.0
WC-2007,T-09,P-58459,1982-12-09,2007,25.0
WC-2007,T-09,P-50674,1987-06-19,2007,20.0
WC-2007,T-83,P-95448,1984-11-25,2007,23.0
WC-2007,T-83,P-40936,1983-09-22,2007,24.0
WC-2007,T-83,P-49030,1983-05-22,2007,24.0
WC-2007,T-83,P-25717,1982-05-20,2007,25.0
WC-2007,T-83,P-54396,1985-01-02,2007,22.0
WC-2007,T-83,P-62104,1982-07-16,2007,25.0
WC-2007,T-83,P-17276,1983-05-27,2007,24.0
WC-2007,T-83,P-24266,1986-04-03,2007,21.0
WC-2007,T-83,P-69030,1984-01-29,2007,23.0
WC-2007,T-83,P-80833,1981-07-30,2007,26.0
WC-2007,T-83,P-75460,1975-12-04,2007,32.0
WC-2007,T-83,P-49425,1981-10-10,2007,26.0
WC-2007,T-53,P-68132,1981-08-03,2007,26.0
WC-2007,T-53,P-51925,1978-08-04,2007,29.0
WC-2007,T-53,P-38523,1979-08-31,2007,28.0
WC-2007,T-53,P-09212,1988-06-23,2007,19.0
WC-2007,T-53,P-30339,1985-02-07,2007,22.0
WC-2007,T-53,P-97621,1981-03-21,2007,26.0
WC-2007,T-53,P-01929,1987-06-12,2007,20.0
WC-2007,T-53,P-42549,1982-04-30,2007,25.0
WC-2007,T-53,P-42222,1985-01-10,2007,22.0
WC-2007,T-53,P-15475,1987-09-14,2007,20.0
WC-2007,T-53,P-95127,1987-02-20,2007,20.0
WC-2007,T-53,P-08869,1982-08-31,2007,25.0
WC-2007,T-53,P-25739,1981-06-20,2007,26.0
WC-2010,T-73,P-24647,1985-09-04,2010,25.0
WC-2010,T-73,P-64348,1987-02-02,2010,23.0
WC-2010,T-73,P-47753,1978-02-03,2010,32.0
WC-2010,T-73,P-51931,1982-01-14,2010,28.0
WC-2010,T-73,P-47597,1988-04-28,2010,22.0
WC-2010,T-73,P-28010,1988-07-16,2010,22.0
WC-2010,T-73,P-94275,1983-01-17,2010,27.0
WC-2010,T-73,P-78418,1987-07-28,2010,23.0
WC-2010,T-73,P-38283,1985-02-26,2010,25.0
WC-2010,T-73,P-05758,1988-09-02,2010,22.0
WC-2010,T-73,P-64102,1986-01-08,2010,24.0
WC-2010,T-73,P-69284,1985-11-21,2010,25.0
WC-2010,T-48,P-20084,1988-02-03,2010,22.0
WC-2010,T-48,P-53668,1984-11-30,2010,26.0
WC-2010,T-48,P-93449,1983-05-26,2010,27.0
WC-2010,T-48,P-63744,1983-04-08,2010,27.0
WC-2010,T-48,P-32095,1983-10-20,2010,27.0
WC-2010,T-48,P-12995,1987-02-13,2010,23.0
WC-2010,T-48,P-03298,1984-01-11,2010,26.0
WC-2010,T-48,P-81141,1986-04-02,2010,24.0
WC-2010,T-48,P-64344,1983-08-12,2010,27.0
WC-2010,T-48,P-66870,1970-10-20,2010,40.0
WC-2010,T-31,P-19408,1986-03-27,2010,24.0
WC-2010,T-31,P-04201,1987-01-14,2010,23.0
WC-2010,T-31,P-03879,1987-04-24,2010,23.0
WC-2010,T-31,P-13029,1987-04-04,2010,23.0
WC-2010,T-31,P-12818,1988-10-15,2010,22.0
WC-2010,T-31,P-88148,1984-01-25,2010,26.0
WC-2010,T-31,P-68199,1981-12-17,2010,29.0
WC-2010,T-31,P-28154,1989-09-13,2010,21.0
WC-2010,T-31,P-47255,1989-03-13,2010,21.0
WC-2010,T-31,P-47324,1984-03-22,2010,26.0
WC-2010,T-31,P-39356,1990-01-04,2010,20.0
WC-2010,T-31,P-10713,1981-03-27,2010,29.0
WC-2010,T-31,P-04224,1988-09-03,2010,22.0
WC-2010,T-31,P-97093,1989-03-13,2010,21.0
WC-2010,T-31,P-78594,1985-07-10,2010,25.0
WC-2010,T-84,P-10014,1986-06-16,2010,24.0
WC-2010,T-84,P-89878,1980-11-02,2010,30.0
WC-2010,T-84,P-78440,1986-02-16,2010,24.0
WC-2010,T-84,P-95196,1984-11-19,2010,26.0
WC-2010,T-84,P-78735,1984-07-23,2010,26.0
WC-2010,T-84,P-92649,1982-10-11,2010,28.0
WC-2010,T-84,P-59138,1987-02-14,2010,23.0
WC-2010,T-84,P-50741,1981-01-08,2010,29.0
WC-2010,T-84,P-30486,1987-01-24,2010,23.0
WC-2010,T-84,P-11075,1985-11-28,2010,25.0
WC-2010,T-84,P-91301,1978-04-17,2010,32.0
WC-2010,T-84,P-36662,1989-03-21,2010,21.0
WC-2010,T-84,P-53254,1980-05-18,2010,30.0
WC-2010,T-84,P-41944,1984-06-08,2010,26.0
WC-2010,T-84,P-80668,1982-01-01,2010,28.0
WC-2010,T-84,P-46031,1982-05-14,2010,28.0
WC-2010,T-84,P-87316,1975-12-14,2010,35.0
WC-2010,T-84,P-99965,1985-10-11,2010,25.0
WC-2010,T-84,P-88751,1985-05-23,2010,25.0
WC-2010,T-84,P-74058,1987-04-07,2010,23.0
WC-2010,T-84,P-59802,1983-03-25,2010,27.0
WC-2011,T-44,P-90878,1990-10-17,2011,21.0
WC-2011,T-44,P-79593,1985-09-23,2011,26.0
WC-2011,T-44,P-66855,1986-03-15,2011,25.0
WC-2011,T-44,P-75658,1987-06-16,2011,24.0
WC-2011,T-44,P-82534,1988-04-23,2011,23.0
WC-2011,T-44,P-46447,1990-11-10,2011,21.0
WC-2011,T-44,P-26643,1993-03-18,2011,18.0
WC-2011,T-44,P-84176,1986-09-04,2011,25.0
WC-2011,T-83,P-26000,1978-06-09,2011,33.0
WC-2011,T-83,P-64276,1985-06-06,2011,26.0
WC-2011,T-83,P-72568,1988-08-04,2011,23.0
WC-2011,T-83,P-72716,1982-03-12,2011,29.0
WC-2011,T-83,P-89510,1987-02-17,2011,24.0
WC-2011,T-83,P-45187,1984-07-28,2011,27.0
WC-2011,T-83,P-81449,1987-09-30,2011,24.0
WC-2011,T-83,P-37034,1989-07-02,2011,22.0
WC-2011,T-83,P-09273,1985-07-05,2011,26.0
WC-2011,T-83,P-12112,1980-03-19,2011,31.0
WC-2011,T-83,P-35525,1988-05-29,2011,23.0
WC-2011,T-83,P-76699,1985-08-26,2011,26.0
WC-2011,T-83,P-29767,1985-05-25,2011,26.0
WC-2011,T-74,P-10056,1987-05-15,2011,24.0
WC-2011,T-74,P-98700,1983-03-03,2011,28.0
WC-2011,T-74,P-49071,1984-12-12,2011,27.0
WC-2011,T-74,P-27729,1990-04-23,2011,21.0
WC-2011,T-74,P-56321,1990-09-16,2011,21.0
WC-2011,T-74,P-83862,1987-06-17,2011,24.0
WC-2011,T-74,P-71934,1987-02-06,2011,24.0
WC-2011,T-74,P-16359,1982-03-29,2011,29.0
WC-2011,T-30,P-26403,1982-01-24,2011,29.0
WC-2011,T-30,P-32017,1990-07-20,2011,21.0
WC-2011,T-30,P-03183,1986-10-22,2011,25.0
WC-2011,T-30,P-04863,1984-01-18,2011,27.0
WC-2011,T-30,P-81637,1983-10-05,2011,28.0
WC-2011,T-30,P-70239,1989-05-18,2011,22.0
WC-2011,T-30,P-72635,1984-12-05,2011,27.0
WC-2011,T-30,P-26793,1985-03-07,2011,26.0
WC-2011,T-30,P-00064,1986-08-13,2011,25.0
WC-2011,T-30,P-38368,1987-11-23,2011,24.0
WC-2011,T-30,P-63892,1987-01-23,2011,24.0
WC-2011,T-30,P-81978,1985-09-24,2011,26.0
WC-2011,T-30,P-23859,1985-10-28,2011,26.0
WC-2011,T-30,P-89379,1988-01-29,2011,23.0
WC-2011,T-30,P-03998,1984-07-02,2011,27.0
WC-2011,T-30,P-30046,1991-04-30,2011,20.0
WC-2014,T-31,P-97775,1988-07-19,2014,26.0
WC-2014,T-31,P-36126,1994-01-19,2014,20.0
WC-2014,T-31,P-54036,1988-02-29,2014,26.0
WC-2014,T-31,P-81447,1988-12-16,2014,26.0
WC-2014,T-31,P-46979,1990-11-06,2014,24.0
WC-2014,T-31,P-41334,1989-02-12,2014,25.0
WC-2014,T-31,P-21524,1993-09-20,2014,21.0
WC-2014,T-31,P-46023,1992-05-12,2014,22.0
WC-2014,T-31,P-63673,1992-06-03,2014,22.0
WC-2014,T-31,P-67414,1992-04-17,2014,22.0
WC-2014,T-31,P-27707,1980-08-06,2014,34.0
WC-2014,T-31,P-42177,1991-02-19,2014,23.0
WC-2014,T-03,P-61051,1986-10-10,2014,28.0
WC-2014,T-03,P-69606,1980-06-27,2014,34.0
WC-2014,T-03,P-96639,1985-01-16,2014,29.0
WC-2014,T-03,P-51894,1986-04-10,2014,28.0
WC-2014,T-03,P-38647,1986-01-30,2014,28.0
WC-2014,T-03,P-69019,1986-02-22,2014,28.0
WC-2014,T-03,P-86028,1981-07-26,2014,33.0
WC-2014,T-03,P-29672,1986-04-10,2014,28.0
WC-2014,T-03,P-18222,1990-03-20,2014,24.0
WC-2014,T-03,P-72244,1989-02-21,2014,25.0
WC-2014,T-03,P-58741,1988-04-12,2014,26.0
WC-2014,T-03,P-69953,1985-05-03,2014,29.0
WC-2014,T-03,P-38424,1984-04-03,2014,30.0
WC-2014,T-48,P-68395,1989-04-22,2014,25.0
WC-2014,T-48,P-21798,1985-02-16,2014,29.0
WC-2014,T-48,P-70280,1992-02-05,2014,22.0
WC-2014,T-48,P-69329,1992-02-08,2014,22.0
WC-2014,T-48,P-39861,1990-03-09,2014,24.0
WC-2014,T-48,P-21790,1989-07-22,2014,25.0
WC-2014,T-48,P-93667,1987-09-13,2014,27.0
WC-2014,T-48,P-26380,1983-09-01,2014,31.0
WC-2014,T-48,P-91472,1992-01-15,2014,22.0
WC-2014,T-48,P-70414,1994-02-14,2014,20.0
WC-2014,T-48,P-27533,1991-06-27,2014,23.0
WC-2014,T-48,P-62029,1987-11-24,2014,27.0
WC-2014,T-48,P-20877,1990-01-05,2014,24.0
WC-2014,T-48,P-85698,1990-11-11,2014,24.0
WC-2014,T-48,P-27540,1994-02-13,2014,20.0
WC-2014,T-48,P-42745,1988-04-03,2014,26.0
WC-2014,T-09,P-41422,1983-01-02,2014,31.0
WC-2014,T-09,P-87449,1987-04-22,2014,27.0
WC-2014,T-09,P-41758,1985-05-04,2014,29.0
WC-2014,T-09,P-70650,1988-05-12,2014,26.0
WC-2014,T-09,P-86524,1986-07-25,2014,28.0
WC-2014,T-09,P-54013,1988-07-25,2014,26.0
WC-2014,T-09,P-87008,1992-02-05,2014,22.0
WC-2014,T-09,P-37239,1991-09-09,2014,23.0
WC-2014,T-09,P-93619,1983-10-18,2014,31.0
WC-2014,T-09,P-47180,1981-08-27,2014,33.0
WC-2014,T-09,P-68649,1986-10-14,2014,28.0
WC-2014,T-09,P-43410,1987-07-23,2014,27.0
WC-2014,T-09,P-02974,1985-05-29,2014,29.0
WC-2014,T-09,P-62621,1988-08-09,2014,26.0
WC-2014,T-09,P-50663,1992-09-08,2014,22.0
WC-2014,T-09,P-37372,1987-03-20,2014,27.0
WC-2014,T-09,P-94095,1983-01-21,2014,31.0
WC-2015,T-83,P-52843,1990-05-07,2015,25.0
WC-2015,T-83,P-39779,1987-11-28,2015,28.0
WC-2015,T-83,P-96028,1993-02-26,2015,22.0
WC-2015,T-83,P-32811,1985-10-19,2015,30.0
WC-2015,T-83,P-65433,1992-04-06,2015,23.0
WC-2015,T-83,P-12946,1988-04-20,2015,27.0
WC-2015,T-83,P-74823,1988-08-02,2015,27.0
WC-2015,T-83,P-79931,1988-12-29,2015,27.0
WC-2015,T-44,P-34571,1990-10-05,2015,25.0
WC-2015,T-44,P-66148,1987-11-01,2015,28.0
WC-2015,T-44,P-58036,1989-05-17,2015,26.0
WC-2015,T-44,P-93312,1990-12-20,2015,25.0
WC-2015,T-44,P-10268,1989-01-24,2015,26.0
WC-2015,T-44,P-38281,1988-12-17,2015,27.0
WC-2015,T-28,P-17951,1992-12-08,2015,23.0
WC-2015,T-28,P-76594,1990-10-22,2015,25.0
WC-2015,T-28,P-23779,1991-10-28,2015,24.0
WC-2015,T-28,P-38788,1993-09-07,2015,22.0
WC-2015,T-28,P-15279,1984-11-13,2015,31.0
WC-2015,T-28,P-96810,1991-07-25,2015,24.0
WC-2015,T-28,P-57382,1986-05-17,2015,29.0
WC-2015,T-28,P-61922,1993-06-29,2015,22.0
WC-2015,T-31,P-32680,1992-09-29,2015,23.0
WC-2015,T-31,P-32037,1996-04-10,2015,19.0
WC-2015,T-31,P-27576,1993-09-11,2015,22.0
WC-2015,T-31,P-84273,1992-04-18,2015,23.0
WC-2015,T-31,P-83981,1993-02-24,2015,22.0
WC-2015,T-31,P-17418,1994-04-14,2015,21.0
WC-2015,T-31,P-23193,1989-09-08,2015,26.0
WC-2015,T-31,P-27184,1994-02-05,2015,21.0
WC-2015,T-31,P-25439,1992-10-14,2015,23.0
WC-2015,T-31,P-35449,1991-12-14,2015,24.0
WC-2015,T-31,P-29896,1995-02-15,2015,20.0
WC-2018,T-30,P-60652,1996-03-28,2018,22.0
WC-2018,T-30,P-17174,1995-08-13,2018,23.0
WC-2018,T-30,P-67297,1993-11-14,2018,25.0
WC-2018,T-30,P-07153,1995-11-12,2018,23.0
WC-2018,T-30,P-64077,1998-12-20,2018,20.0
WC-2018,T-30,P-97778,1997-05-15,2018,21.0
WC-2018,T-30,P-54461,1994-08-03,2018,24.0
WC-2018,T-30,P-98287,1991-03-29,2018,27.0
WC-2018,T-30,P-69451,1988-12-15,2018,30.0
WC-2018,T-30,P-40789,1985-12-27,2018,33.0
WC-2018,T-30,P-20754,1993-07-18,2018,25.0
WC-2018,T-30,P-73306,1992-07-29,2018,26.0
WC-2018,T-30,P-71285,1993-01-26,2018,25.0
WC-2018,T-30,P-84424,1996-02-14,2018,22.0
WC-2018,T-30,P-71816,1994-07-17,2018,24.0
WC-2018,T-30,P-81466,1993-02-27,2018,25.0
WC-2018,T-18,P-99988,1995-01-09,2018,23.0
WC-2018,T-18,P-86004,1987-07-17,2018,31.0
WC-2018,T-18,P-65182,1991-06-19,2018,27.0
WC-2018,T-18,P-89113,1990-04-03,2018,28.0
WC-2018,T-18,P-65146,1995-11-28,2018,23.0
WC-2018,T-18,P-57763,1992-01-11,2018,26.0
WC-2018,T-18,P-57922,1996-09-17,2018,22.0
WC-2018,T-18,P-12763,1988-01-05,2018,30.0
WC-2018,T-18,P-14891,1995-05-06,2018,23.0
WC-2018,T-18,P-89420,1989-01-30,2018,29.0
WC-2018,T-06,P-06338,1993-09-04,2018,25.0
WC-2018,T-06,P-88715,1992-06-25,2018,26.0
WC-2018,T-06,P-22930,1991-09-12,2018,27.0
WC-2018,T-06,P-74337,1993-03-29,2018,25.0
WC-2018,T-06,P-47906,1997-05-07,2018,21.0
WC-2018,T-06,P-85472,1990-11-28,2018,28.0
WC-2018,T-06,P-13975,1993-10-02,2018,25.0
WC-2018,T-06,P-73834,1995-04-15,2018,23.0
WC-2018,T-28,P-70618,1994-03-07,2018,24.0
WC-2018,T-28,P-74071,1990-05-28,2018,28.0
WC-2018,T-28,P-48480,1990-07-02,2018,28.0
WC-2018,T-28,P-31219,1994-01-15,2018,24.0
WC-2018,T-28,P-92628,1994-05-28,2018,24.0
WC-2018,T-28,P-02465,1993-03-05,2018,25.0
WC-2018,T-28,P-63620,1992-12-15,2018,26.0
WC-2018,T-28,P-58924,1993-07-28,2018,25.0
WC-2018,T-28,P-74242,1987-01-11,2018,31.0
WC-2018,T-28,P-25937,1990-09-19,2018,28.0
WC-2018,T-28,P-38372,1993-03-10,2018,25.0
WC-2018,T-28,P-16053,1989-11-21,2018,29.0
WC-2018,T-28,P-09246,1985-07-09,2018,33.0
WC-2018,T-28,P-59837,1997-10-31,2018,21.0
WC-2018,T-28,P-83363,1996-04-11,2018,22.0
WC-2018,T-28,P-84745,1996-01-23,2018,22.0
WC-2018,T-28,P-05318,1998-10-07,2018,20.0
WC-2018,T-28,P-89070,1992-04-19,2018,26.0
WC-2019,T-83,P-06125,1998-04-29,2019,21.0
WC-2019,T-83,P-59472,1992-10-09,2019,27.0
WC-2019,T-83,P-97292,1993-05-13,2019,26.0
WC-2019,T-83,P-46428,1994-05-26,2019,25.0
WC-2019,T-83,P-71623,1998-09-19,2019,21.0
WC-2019,T-83,P-41858,1993-11-25,2019,26.0
WC-2019,T-83,P-65982,1995-05-14,2019,24.0
WC-2019,T-83,P-91711,1992-07-03,2019,27.0
WC-2019,T-83,P-98384,1987-08-13,2019,32.0
WC-2019,T-83,P-03657,1990-11-12,2019,29.0
WC-2019,T-83,P-66473,1988-02-28,2019,31.0
WC-2019,T-48,P-91488,1991-10-11,2019,28.0
WC-2019,T-48,P-85842,1999-06-03,2019,20.0
WC-2019,T-48,P-83256,1990-12-07,2019,29.0
WC-2019,T-48,P-96101,1994-12-17,2019,25.0
WC-2019,T-48,P-79057,1996-04-17,2019,23.0
WC-2019,T-48,P-08372,1998-03-17,2019,21.0
WC-2019,T-48,P-04880,1992-10-06,2019,27.0
WC-2019,T-48,P-77151,1996-05-01,2019,23.0
WC-2019,T-48,P-82354,1996-10-11,2019,23.0
WC-2019,T-48,P-21421,1993-10-08,2019,26.0
WC-2019,T-74,P-07053,1993-01-02,2019,26.0
WC-2019,T-74,P-56701,1993-04-16,2019,26.0
WC-2019,T-74,P-76573,1993-09-08,2019,26.0
WC-2019,T-74,P-93553,1995-11-12,2019,24.0
WC-2019,T-74,P-48545,1995-09-15,2019,24.0
WC-2019,T-74,P-62190,1996-02-05,2019,23.0
WC-2019,T-74,P-96469,1993-04-26,2019,26.0
WC-2019,T-74,P-84995,1992-02-16,2019,27.0
WC-2019,T-74,P-24130,1997-05-04,2019,22.0
WC-2019,T-74,P-89508,1997-12-24,2019,22.0
WC-2019,T-74,P-99138,1993-11-24,2019,26.0
WC-2019,T-74,P-33464,1997-05-10,2019,22.0
WC-2019,T-74,P-28884,1994-04-09,2019,25.0
WC-2019,T-74,P-25946,1996-05-26,2019,23.0
WC-2019,T-28,P-20638,1997-04-08,2019,22.0
WC-2019,T-28,P-42847,1993-08-21,2019,26.0
WC-2019,T-28,P-62542,1994-03-10,2019,25.0
WC-2019,T-28,P-60046,1991-12-12,2019,28.0
WC-2019,T-28,P-71247,1997-03-29,2019,22.0
WC-2019,T-28,P-25548,1993-01-14,2019,26.0
WC-2019,T-28,P-06258,1991-12-06,2019,28.0
WC-2019,T-28,P-55143,1999-01-03,2019,20.0
WC-2019,T-28,P-69367,1993-03-07,2019,26.0
WC-2019,T-28,P-41857,1995-05-09,2019,24.0
WC-2019,T-28,P-23605,1992-10-02,2019,27.0
WC-2022,T-03,P-00652,1998-01-12,2022,24.0
WC-2022,T-03,P-91431,1997-01-01,2022,25.0
WC-2022,T-03,P-27582,1994-06-29,2022,28.0
WC-2022,T-03,P-29298,1991-06-27,2022,31.0
WC-2022,T-03,P-37314,1994-05-24,2022,28.0
WC-2022,T-03,P-19776,2000-01-31,2022,22.0
WC-2022,T-03,P-36188,1992-05-20,2022,30.0
WC-2022,T-03,P-79650,1998-04-27,2022,24.0
WC-2022,T-03,P-40147,1998-10-05,2022,24.0
WC-2022,T-03,P-92353,1995-03-09,2022,27.0
WC-2022,T-03,P-56659,2001-04-26,2022,21.0
WC-2022,T-03,P-10231,1988-02-15,2022,34.0
WC-2022,T-03,P-03265,1994-04-12,2022,28.0
WC-2022,T-03,P-71343,1998-12-24,2022,24.0
WC-2022,T-03,P-81505,1997-08-22,2022,25.0
WC-2022,T-03,P-13162,1992-09-02,2022,30.0
WC-2022,T-03,P-10739,2001-01-17,2022,21.0
WC-2022,T-03,P-23070,1998-01-18,2022,24.0
WC-2022,T-03,P-84430,1998-04-06,2022,24.0
WC-2022,T-30,P-91324,1998-03-11,2022,24.0
WC-2022,T-30,P-78484,1998-11-12,2022,24.0
WC-2022,T-30,P-32431,1999-04-14,2022,23.0
WC-2022,T-30,P-54517,2000-01-27,2022,22.0
WC-2022,T-30,P-92987,1998-12-05,2022,24.0
WC-2022,T-30,P-23304,1999-01-10,2022,23.0
WC-2022,T-30,P-57401,1995-04-03,2022,27.0
WC-2022,T-30,P-00465,1993-03-01,2022,29.0
WC-2022,T-30,P-07089,2001-03-24,2022,21.0
WC-2022,T-30,P-03945,1998-10-27,2022,24.0
WC-2022,T-30,P-06614,1996-06-13,2022,26.0
WC-2022,T-30,P-09867,1997-10-06,2022,25.0
WC-2022,T-30,P-86920,1999-05-25,2022,23.0
WC-2022,T-30,P-80996,2002-11-10,2022,20.0
WC-2022,T-30,P-13613,1997-08-06,2022,25.0
WC-2022,T-18,P-91350,2000-04-02,2022,22.0
WC-2022,T-18,P-95766,1992-11-10,2022,30.0
WC-2022,T-18,P-01196,1998-01-24,2022,24.0
WC-2022,T-18,P-64353,1998-01-17,2022,24.0
WC-2022,T-18,P-32870,1996-01-18,2022,26.0
WC-2022,T-18,P-22160,1997-10-04,2022,25.0
WC-2022,T-18,P-31643,1993-08-26,2022,29.0
WC-2022,T-18,P-89948,1995-02-09,2022,27.0
WC-2022,T-18,P-46461,1994-09-16,2022,28.0
WC-2022,T-18,P-99461,1991-07-22,2022,31.0
WC-2022,T-18,P-26942,1992-12-29,2022,30.0
WC-2022,T-18,P-84190,1998-01-21,2022,24.0
WC-2022,T-18,P-58420,2002-01-23,2022,20.0
WC-2022,T-18,P-16484,1995-08-16,2022,27.0
WC-2022,T-18,P-94815,1995-02-01,2022,27.0
WC-2022,T-18,P-57417,2000-02-28,2022,22.0
WC-2022,T-18,P-67668,2002-09-08,2022,20.0
WC-2022,T-18,P-86466,1997-05-14,2022,25.0
WC-2022,T-47,P-09614,1997-11-14,2022,25.0
WC-2022,T-47,P-47490,1996-03-30,2022,26.0
WC-2022,T-47,P-40619,2000-04-19,2022,22.0
WC-2022,T-47,P-90423,1990-12-17,2022,32.0
WC-2022,T-47,P-94093,2000-11-07,2022,22.0
WC-2022,T-47,P-05265,1996-11-28,2022,26.0
WC-2022,T-47,P-87409,1997-10-30,2022,25.0
WC-2022,T-47,P-48295,2000-02-18,2022,22.0
WC-2022,T-47,P-23330,1996-11-15,2022,26.0
WC-2022,T-47,P-21052,2001-12-17,2022,21.0
WC-2022,T-47,P-59033,1993-09-17,2022,29.0
WC-2022,T-47,P-14026,1992-02-29,2022,30.0
WC-2022,T-47,P-52013,1999-05-06,2022,23.0
WC-2022,T-47,P-05216,1998-01-22,2022,24.0
WC-2022,T-47,P-80656,2004-05-10,2022,18.0
WC-2022,T-47,P-00597,1993-09-30,2022,29.0
WC-2022,T-47,P-91543,1995-03-02,2022,27.0
WC-2022,T-47,P-86644,1991-06-18,2022,31.0
